cntr_01,dist_x,pang_x,vfid_01,ra_01,dec_01,vr_01,radius_01,radius_flag_01,objname_01,pgc_01,nsaidv1_01,nsaidv0_01,agc_01,nedname_01,hlflag_01,nsav1flag_01,nsav0flag_01,a100flag_01,vfid_v1_01,coflag_01,haflag_01,haobsflag_01,z0mgsflag_01,steerflag_01,unwiseflag_01,prefix_01,name,band,ra,dec,raerr,decerr,flux,snr,stn,strn,fwhmxfit,fwhmyfit,flag_elong,edgeflag,obsid
41,2.676348,-46.871872,VFID0956,177.313767,56.0843617,1173.0,104.02105713,True,NGC3898,36921,627359,140303,0,NGC 3898,True,True,True,False,VFID0957,True,True,True,True,True,True,VFID0956-NGC3898,HPESL100A_J114915.0+560506,green,177.312795,56.08487,0.000129,7.2e-05,375.095,15.507,15.798,82.507,16.109,7.800,0.484195,f,1342255866
52,1.682048,177.21692,VFID1018,178.9378935,55.3207262,854.0,107.67658234,True,NGC3972,37466,200396,41674,0,NGC 3972,True,True,True,False,VFID1019,False,True,True,True,True,True,VFID1018-NGC3972,HPESL070A_J115545.1+551913,blue,178.937933,55.32026,1.2e-05,7e-06,511.876,5.964,null,201.058,13.707,7.069,0.515714,t,1342221588
52,1.846895,152.278222,VFID1018,178.9378935,55.3207262,854.0,107.67658234,True,NGC3972,37466,200396,41674,0,NGC 3972,True,True,True,False,VFID1019,False,True,True,True,True,True,VFID1018-NGC3972,HPESL160A_J115545.2+551913,red,178.938313,55.320272,9e-06,5e-06,2117.008,17.734,8.093,212.667,43.239,19.271,0.445675,t,1342221588
52,21.116614,-73.768458,VFID1018,178.9378935,55.3207262,854.0,107.67658234,True,NGC3972,37466,200396,41674,0,NGC 3972,True,True,True,False,VFID1019,False,True,True,True,True,True,VFID1018-NGC3972,HPESL070A_J115542.7+551921,blue,178.927995,55.322365,5.1e-05,2.9e-05,316.845,3.052,null,195.975,23.794,null,0.0,t,1342221588
53,10.272252,-155.593027,VFID1035,179.1171885,55.1252607,1112.2,56.509471893,True,NGC3982,37520,200397,41675,0,NGC 3982,True,True,True,False,VFID1036,True,True,True,True,True,True,VFID1035-NGC3982,HPESL160A_J115627.6+550722,red,179.115127,55.122662,0.000136,7.8e-05,7213.311,24.74,11.697,619.253,43.147,null,0.0,f,1342257149
59,27.990877,116.859785,VFID1212,178.4542245,52.3266874,1051.0,183.7051239,True,NGC3953,37306,627439,140405,0,NGC 3953,True,True,True,False,VFID1213,True,True,True,True,True,True,VFID1212-NGC3953,HPESL100A_J115351.7+521923,green,178.465573,52.323174,0.000259,0.000158,409.587,4.626,null,340.274,28.596,null,0.0,f,1342255880
59,31.507379,-120.751787,VFID1212,178.4542245,52.3266874,1051.0,183.7051239,True,NGC3953,37306,627439,140405,0,NGC 3953,True,True,True,False,VFID1213,True,True,True,True,True,True,VFID1212-NGC3953,HPESL100A_J115346.0+521920,green,178.441919,52.322212,0.000152,9.3e-05,541.165,5.524,null,300.778,19.455,null,0.0,f,1342255880
59,36.351094,161.984933,VFID1212,178.4542245,52.3266874,1051.0,183.7051239,True,NGC3953,37306,627439,140405,0,NGC 3953,True,True,True,False,VFID1213,True,True,True,True,True,True,VFID1212-NGC3953,HPESL100A_J115350.2+521902,green,178.459333,52.317085,0.000387,0.000237,388.637,4.575,null,268.382,17.712,null,0.0,f,1342255880
69,30.627777,-29.901768,VFID1374,181.535652,49.5827722,1115.0,136.81108093,True,NGC4100,38370,665481,161045,0,NGC 4100,True,True,True,False,VFID1376,True,True,True,True,True,True,VFID1374-NGC4100,HPESL100A_J120606.9+493525,green,181.529109,49.590147,6.9e-05,4.5e-05,2376.636,1.64,null,3558.484,15.426,10.402,0.674359,f,1342256176
76,17.40127,-31.474894,VFID1550,202.469547,47.195151,460.79998779,411.26461792,True,NGC5194,47404,0,0,0,MESSIER 051a,True,False,False,False,VFID1552,False,True,True,True,True,False,VFID1550-MESSIER051a,HPESL100A_J132951.8+471157,green,202.465833,47.199273,4.7e-05,3.2e-05,18885.314,12.349,null,3663.564,21.449,null,0.0,f,1342178524
76,19.650493,-51.102868,VFID1550,202.469547,47.195151,460.79998779,411.26461792,True,NGC5194,47404,0,0,0,MESSIER 051a,True,False,False,False,VFID1552,False,True,True,True,True,False,VFID1550-MESSIER051a,HPESL070A_J132951.1+471155,blue,202.463295,47.198578,0.00015,0.000102,12162.991,3.692,null,2206.684,12.69,null,0.0,f,1342178536
76,26.021569,-112.190631,VFID1550,202.469547,47.195151,460.79998779,411.26461792,True,NGC5194,47404,0,0,0,MESSIER 051a,True,False,False,False,VFID1552,False,True,True,True,True,False,VFID1550-MESSIER051a,HPESL160A_J132950.3+471133,red,202.459698,47.192421,4.7e-05,3.2e-05,23053.715,18.485,5.528,2860.003,63.395,null,0.0,f,1342178865
76,27.938888,-113.878364,VFID1550,202.469547,47.195151,460.79998779,411.26461792,True,NGC5194,47404,0,0,0,MESSIER 051a,True,False,False,False,VFID1552,False,True,True,True,True,False,VFID1550-MESSIER051a,HPESL100A_J132950.1+471131,green,202.459104,47.192009,3.7e-05,2.5e-05,17524.401,10.189,null,3915.549,19.648,null,0.0,f,1342178512
76,28.408796,-115.811851,VFID1550,202.469547,47.195151,460.79998779,411.26461792,True,NGC5194,47404,0,0,0,MESSIER 051a,True,False,False,False,VFID1552,False,True,True,True,True,False,VFID1550-MESSIER051a,HPESL100A_J132950.1+471130,green,202.459093,47.191715,3.6e-05,2.5e-05,14522.958,9.482,null,3609.51,18.878,null,0.0,f,1342178524
76,29.725492,-118.140398,VFID1550,202.469547,47.195151,460.79998779,411.26461792,True,NGC5194,47404,0,0,0,MESSIER 051a,True,False,False,False,VFID1552,False,True,True,True,True,False,VFID1550-MESSIER051a,HPESL070A_J132950.1+471129,blue,202.458833,47.191256,6e-05,4.1e-05,8062.45,3.032,null,2032.16,18.638,null,0.0,f,1342178540
76,29.734046,-117.082808,VFID1550,202.469547,47.195151,460.79998779,411.26461792,True,NGC5194,47404,0,0,0,MESSIER 051a,True,False,False,False,VFID1552,False,True,True,True,True,False,VFID1550-MESSIER051a,HPESL070A_J132950.0+471129,blue,202.458725,47.19139,4.6e-05,3.2e-05,7532.778,2.793,null,2121.775,16.68,null,0.0,f,1342178528
76,29.744377,-117.745022,VFID1550,202.469547,47.195151,460.79998779,411.26461792,True,NGC5194,47404,0,0,0,MESSIER 051a,True,False,False,False,VFID1552,False,True,True,True,True,False,VFID1550-MESSIER051a,HPESL070A_J132950.1+471129,blue,202.458786,47.191304,4.8e-05,3.2e-05,7919.441,3.029,null,2025.354,16.69,null,0.0,f,1342178536
76,29.854616,84.395374,VFID1550,202.469547,47.195151,460.79998779,411.26461792,True,NGC5194,47404,0,0,0,MESSIER 051a,True,False,False,False,VFID1552,False,True,True,True,True,False,VFID1550-MESSIER051a,HPESL070A_J132955.6+471145,blue,202.481693,47.19596,1.5e-05,1e-05,8327.482,2.094,3.350,2616.684,17.093,9.126,0.533908,f,1342188328
76,29.926349,-117.432015,VFID1550,202.469547,47.195151,460.79998779,411.26461792,True,NGC5194,47404,0,0,0,MESSIER 051a,True,False,False,False,VFID1552,False,True,True,True,True,False,VFID1550-MESSIER051a,HPESL070A_J132950.0+471129,blue,202.45869,47.191321,4.8e-05,3.3e-05,7957.108,2.94,null,2076.489,18.867,null,0.0,f,1342178532
76,30.10888,-111.131264,VFID1550,202.469547,47.195151,460.79998779,411.26461792,True,NGC5194,47404,0,0,0,MESSIER 051a,True,False,False,False,VFID1552,False,True,True,True,True,False,VFID1550-MESSIER051a,HPESL070A_J132949.9+471132,blue,202.458067,47.192135,2e-05,1.4e-05,8739.589,1.467,null,3555.761,15.671,null,0.0,f,1342188328
76,30.437471,87.733453,VFID1550,202.469547,47.195151,460.79998779,411.26461792,True,NGC5194,47404,0,0,0,MESSIER 051a,True,False,False,False,VFID1552,False,True,True,True,True,False,VFID1550-MESSIER051a,HPESL100A_J132955.6+471144,green,202.48198,47.195485,2.6e-05,1.8e-05,14271.494,9.3,null,3288.115,28.064,null,0.0,f,1342178512
76,30.439239,89.089818,VFID1550,202.469547,47.195151,460.79998779,411.26461792,True,NGC5194,47404,0,0,0,MESSIER 051a,True,False,False,False,VFID1552,False,True,True,True,True,False,VFID1550-MESSIER051a,HPESL100A_J132955.6+471143,green,202.481989,47.195285,2.5e-05,1.7e-05,13295.241,9.285,null,3090.429,29.664,null,0.0,f,1342178520
76,31.071648,89.71405,VFID1550,202.469547,47.195151,460.79998779,411.26461792,True,NGC5194,47404,0,0,0,MESSIER 051a,True,False,False,False,VFID1552,False,True,True,True,True,False,VFID1550-MESSIER051a,HPESL070A_J132955.7+471143,blue,202.482249,47.195193,3.2e-05,2.2e-05,7970.827,3.03,null,1958.666,15.402,8.677,0.563353,f,1342178532
76,31.355933,90.297888,VFID1550,202.469547,47.195151,460.79998779,411.26461792,True,NGC5194,47404,0,0,0,MESSIER 051a,True,False,False,False,VFID1552,False,True,True,True,True,False,VFID1550-MESSIER051a,HPESL070A_J132955.7+471142,blue,202.482365,47.195105,3.8e-05,2.6e-05,7929.576,3.107,null,1924.937,15.215,8.850,0.581676,f,1342178536
76,31.381646,89.157213,VFID1550,202.469547,47.195151,460.79998779,411.26461792,True,NGC5194,47404,0,0,0,MESSIER 051a,True,False,False,False,VFID1552,False,True,True,True,True,False,VFID1550-MESSIER051a,HPESL070A_J132955.7+471143,blue,202.482374,47.195279,3.2e-05,2.2e-05,8195.162,3.021,null,1991.858,16.431,9.132,0.555788,f,1342178528
76,31.466479,89.94444,VFID1550,202.469547,47.195151,460.79998779,411.26461792,True,NGC5194,47404,0,0,0,MESSIER 051a,True,False,False,False,VFID1552,False,True,True,True,True,False,VFID1550-MESSIER051a,HPESL070A_J132955.7+471143,blue,202.48241,47.195159,3.6e-05,2.5e-05,8208.543,3.197,null,1899.453,17.424,8.922,0.512057,f,1342178540
80,36.168612,-19.752121,VFID1578,202.150656,46.7678162,2437.8,12.621798515,True,PGC2286797,2286797,301961,61694,0,WISEA J132836.15+464604.0,True,True,True,False,VFID1580,False,False,True,False,True,True,VFID1578-WISEAJ132836.15+464604.0,HPESL160A_J132834.9+464638,red,202.145698,46.777272,0.000827,0.000567,106.792,3.058,3.072,63.777,25.985,null,0.0,f,1342178528
94,31.4236,-154.72419,VFID1754,180.790416,44.5312149,704.3,177.06031799,True,NGC4051,38068,627684,140667,0,NGC 4051,True,True,True,False,VFID1756,True,True,True,True,True,False,VFID1754-NGC4051,HPESL160A_J120308.4+443124,red,180.785189,44.523322,0.000139,9.9e-05,1112.811,4.163,2.010,573.914,38.619,14.276,0.369663,f,1342221164
94,31.674227,-153.647406,VFID1754,180.790416,44.5312149,704.3,177.06031799,True,NGC4051,38068,627684,140667,0,NGC 4051,True,True,True,False,VFID1756,True,True,True,True,True,False,VFID1754-NGC4051,HPESL070A_J120308.3+443124,blue,180.784938,44.523331,0.000128,9.1e-05,569.471,0.449,null,1726.231,12.563,7.926,0.630855,f,1342221164
94,37.568074,174.283716,VFID1754,180.790416,44.5312149,704.3,177.06031799,True,NGC4051,38068,627684,140667,0,NGC 4051,True,True,True,False,VFID1756,True,True,True,True,True,False,VFID1754-NGC4051,HPESL100A_J120310.0+443115,green,180.791874,44.520831,2.8e-05,2e-05,879.47,4.458,3.572,472.513,19.04,7.876,0.413648,f,1342256164
94,37.660275,174.352073,VFID1754,180.790416,44.5312149,704.3,177.06031799,True,NGC4051,38068,627684,140667,0,NGC 4051,True,True,True,False,VFID1756,True,True,True,True,True,False,VFID1754-NGC4051,HPESL070A_J120310.0+443115,blue,180.79186,44.520804,0.000111,7.9e-05,367.789,2.258,3.654,335.538,14.287,6.068,0.424683,f,1342221164
99,0.415956,-147.143702,VFID1803,183.320361,43.6985004,919.9,128.56455994,True,NGC4183,38988,298117,60664,0,NGC 4183,True,True,True,False,VFID1805,False,False,True,True,True,True,VFID1803-NGC4183,HPESL100A_J121316.8+434154,green,183.320274,43.698403,3.7e-05,2.7e-05,939.779,18.644,8.382,152.183,14.023,8.599,0.613191,f,1342256168
99,0.84669,-43.647601,VFID1803,183.320361,43.6985004,919.9,128.56455994,True,NGC4183,38988,298117,60664,0,NGC 4183,True,True,True,False,VFID1805,False,False,True,True,True,True,VFID1803-NGC4183,HPESL160A_J121316.8+434155,red,183.320136,43.698671,6.2e-05,4.5e-05,1504.403,20.882,10.476,130.564,29.138,13.576,0.465902,f,1342256168
99,20.569144,171.498075,VFID1803,183.320361,43.6985004,919.9,128.56455994,True,NGC4183,38988,298117,60664,0,NGC 4183,True,True,True,False,VFID1805,False,False,True,True,True,True,VFID1803-NGC4183,HPESL100A_J121317.1+434134,green,183.321529,43.69285,0.000164,0.000119,758.612,12.257,null,130.588,14.594,null,0.0,f,1342256168
99,26.037991,-13.51955,VFID1803,183.320361,43.6985004,919.9,128.56455994,True,NGC4183,38988,298117,60664,0,NGC 4183,True,True,True,False,VFID1805,False,False,True,True,True,True,VFID1803-NGC4183,HPESL100A_J121316.3+434220,green,183.318022,43.705533,0.000293,0.000212,476.812,7.785,null,133.509,20.854,null,0.0,f,1342256168
100,15.654455,129.718842,VFID1804,182.3740425,43.6852719,875.5,85.530548096,True,NGC4138,38643,665798,161123,0,NGC 4138,True,True,True,False,VFID1806,True,True,True,True,True,True,VFID1804-NGC4138,HPESL160A_J120930.8+434057,red,182.378668,43.682493,0.000147,0.000106,2204.223,13.787,4.457,274.972,46.136,null,0.0,f,1342235139
100,18.386669,135.746943,VFID1804,182.3740425,43.6852719,875.5,85.530548096,True,NGC4138,38643,665798,161123,0,NGC 4138,True,True,True,False,VFID1806,True,True,True,True,True,True,VFID1804-NGC4138,HPESL070A_J120930.9+434054,blue,182.378971,43.681614,0.000234,0.000169,763.496,3.988,null,327.28,19.017,null,0.0,f,1342235139
100,20.383893,155.589993,VFID1804,182.3740425,43.6852719,875.5,85.530548096,True,NGC4138,38643,665798,161123,0,NGC 4138,True,True,True,False,VFID1806,True,True,True,True,True,True,VFID1804-NGC4138,HPESL070A_J120930.5+434048,blue,182.377278,43.680116,0.000257,0.000186,616.212,3.48,null,334.163,18.551,null,0.0,t,1342221162
121,4.337835,101.2663,VFID1934,139.3790535,41.9941715,1870.0,52.859279633,True,NGC2799,26238,229868,47220,0,NGC 2799,True,True,True,False,VFID1936,True,True,True,True,True,True,VFID1934-NGC2799,HPESL160A_J091731.3+415938,red,139.380644,41.993936,4.6e-05,3.4e-05,835.398,22.228,14.632,64.867,25.424,11.366,0.447054,t,1342207162
121,26.387585,125.909806,VFID1934,139.3790535,41.9941715,1870.0,52.859279633,True,NGC2799,26238,229868,47220,0,NGC 2799,True,True,True,False,VFID1936,True,True,True,True,True,True,VFID1934-NGC2799,HPESL070A_J091732.8+415924,blue,139.387041,41.989872,0.000238,0.000177,174.487,5.698,5.063,79.488,11.781,6.961,0.59089,f,1342209366
121,27.672348,126.031002,VFID1934,139.3790535,41.9941715,1870.0,52.859279633,True,NGC2799,26238,229868,47220,0,NGC 2799,True,True,True,False,VFID1936,True,True,True,True,True,True,VFID1934-NGC2799,HPESL100A_J091732.9+415923,green,139.387417,41.98965,0.000153,0.000114,311.418,4.494,5.380,167.175,15.27,6.918,0.453062,f,1342207163
122,3.843367,5.776744,VFID1939,139.34034,41.910946,1673.9,27.109483719,True,UGC04904,26231,229871,135806,0,UGC 04904,True,True,True,False,VFID1941,False,True,True,True,True,True,VFID1939-UGC04904,HPESL160A_J091721.7+415443,red,139.340484,41.912008,0.000142,0.000106,347.477,13.96,11.024,31.921,27.391,14.624,0.533877,t,1342207162
126,36.571246,102.793059,VFID1953,206.329785,41.7124718,2559.1,97.078094482,True,NGC5290,48767,677259,163956,0,NGC 5290,True,True,True,False,VFID1955,True,True,True,True,True,True,VFID1953-NGC5290,HPESL070A_J134522.3+414237,blue,206.343055,41.710222,0.00026,0.000194,353.349,2.363,null,289.79,18.386,null,0.0,f,1342237376
144,33.211148,-153.654076,VFID2066,208.340064,40.3639366,2320.0,80.560333252,True,NGC5350,49347,275977,56482,0,NGC 5350,True,True,True,False,VFID2068,True,False,True,True,True,False,VFID2066-NGC5350,HPESL160A_J135320.3+402120,red,208.334691,40.355669,0.00033,0.000252,1813.301,11.948,3.888,263.524,57.087,null,0.0,f,1342259346
144,38.583105,-149.323439,VFID2066,208.340064,40.3639366,2320.0,80.560333252,True,NGC5350,49347,275977,56482,0,NGC 5350,True,True,True,False,VFID2068,True,False,True,True,True,False,VFID2066-NGC5350,HPESL070A_J135319.8+402117,blue,208.332889,40.354719,0.000129,9.8e-05,470.799,4.048,5.275,249.512,12.875,null,0.0,f,1342259346
206,1.732189,-34.693097,VFID2313,159.067704,37.3246539,1568.8,92.282905579,True,NGC3294,31428,653786,158541,0,NGC 3294,True,True,True,False,VFID2315,True,True,True,True,True,True,VFID2313-NGC3294,HPESL160A_J103616.1+371930,red,159.06736,37.32505,5.4e-05,4.3e-05,4657.076,14.373,4.233,700.537,35.334,20.247,0.573021,f,1342255451
206,25.287102,-57.606399,VFID2313,159.067704,37.3246539,1568.8,92.282905579,True,NGC3294,31428,653786,158541,0,NGC 3294,True,True,True,False,VFID2315,True,True,True,True,True,True,VFID2313-NGC3294,HPESL100A_J103614.4+371942,green,159.060245,37.328417,4.1e-05,3.3e-05,2606.088,8.576,null,626.267,14.866,5.816,0.391224,f,1342255451
206,32.97337,115.841857,VFID2313,159.067704,37.3246539,1568.8,92.282905579,True,NGC3294,31428,653786,158541,0,NGC 3294,True,True,True,False,VFID2315,True,True,True,True,True,True,VFID2313-NGC3294,HPESL100A_J103618.7+371914,green,159.07807,37.320661,6.2e-05,5e-05,3882.26,11.733,null,657.496,20.628,null,0.0,f,1342255451
221,13.656513,66.800543,VFID2463,203.9799645,35.5882516,2230.0,54.969432831,True,NGC5240,47971,422721,87805,8587,NGC 5240,True,True,True,True,VFID2465,False,True,True,True,True,True,VFID2463-NGC5240,HPESL100A_J133556.2+353523,green,203.984252,35.589746,0.000254,0.000206,373.483,6.612,null,96.655,19.212,6.397,0.33295,t,1342210480
234,2.567897,52.059573,VFID2544,162.1034055,34.7114023,1628.1,60.550991058,True,NGC3381,32302,431962,90176,5909,NGC 3381,True,True,True,True,VFID2546,True,True,True,True,True,True,VFID2544-NGC3381,HPESL160A_J104824.9+344243,red,162.10409,34.711841,8.2e-05,6.8e-05,1635.923,21.382,9.057,125.994,29.441,12.246,0.415941,f,1342255910
257,22.743142,104.226599,VFID2620,208.324161,33.4908244,2371.2,48.654304504,True,NGC5347,49342,448022,94340,8805,NGC 5347,True,True,True,True,VFID2622,True,True,True,True,True,True,VFID2620-NGC5347,HPESL160A_J135319.5+332921,red,208.331504,33.489272,0.000221,0.000185,963.824,6.16,4.438,177.946,47.471,null,0.0,t,1342246878
273,30.003527,-123.60287,VFID2665,162.4794795,32.9908234,1694.2,92.922576904,True,NGC3396,32434,432222,90215,0,NGC 3396,True,True,True,False,VFID2667,False,True,True,True,True,True,VFID2665-NGC3396,HPESL070A_J104953.0+325910,blue,162.471204,32.986211,6.9e-05,5.8e-05,2045.426,3.752,null,583.222,15.961,8.467,0.530474,f,1342221104
274,3.376631,-46.127077,VFID2667,162.4587915,32.9828333,1619.0,47.986740112,True,NGC3395,32424,625359,138144,5931,NGC 3395,True,True,True,True,VFID2669,False,True,True,True,True,True,VFID2667-NGC3395,HPESL160A_J104949.9+325901,red,162.457985,32.983483,1.2e-05,1e-05,4487.384,30.992,10.900,313.427,30.425,19.253,0.63281,t,1342221104
274,3.623009,-41.504908,VFID2667,162.4587915,32.9828333,1619.0,47.986740112,True,NGC3395,32424,625359,138144,5931,NGC 3395,True,True,True,True,VFID2669,False,True,True,True,True,True,VFID2667-NGC3395,HPESL100A_J104949.9+325901,green,162.457996,32.983587,1.8e-05,1.5e-05,5266.727,42.24,null,342.933,17.242,null,0.0,f,1342221106
274,5.429674,-53.187254,VFID2667,162.4587915,32.9828333,1619.0,47.986740112,True,NGC3395,32424,625359,138144,5931,NGC 3395,True,True,True,True,VFID2669,False,True,True,True,True,True,VFID2667-NGC3395,HPESL070A_J104949.7+325901,blue,162.457352,32.983737,2.5e-05,2.1e-05,3897.739,32.168,null,290.386,16.787,null,0.0,f,1342221104
274,16.323493,38.412448,VFID2667,162.4587915,32.9828333,1619.0,47.986740112,True,NGC3395,32424,625359,138144,5931,NGC 3395,True,True,True,True,VFID2669,False,True,True,True,True,True,VFID2667-NGC3395,HPESL070A_J104950.9+325911,blue,162.46215,32.986386,3e-05,2.5e-05,2411.528,6.657,null,440.81,17.342,null,0.0,f,1342221104
274,39.404888,72.024678,VFID2667,162.4587915,32.9828333,1619.0,47.986740112,True,NGC3395,32424,625359,138144,5931,NGC 3395,True,True,True,True,VFID2669,False,True,True,True,True,True,VFID2667-NGC3395,HPESL070A_J104953.0+325910,blue,162.471204,32.986211,6.9e-05,5.8e-05,2045.426,3.752,null,583.222,15.961,8.467,0.530474,f,1342221104
275,0.396111,177.845068,VFID2670,163.0475205,32.950424,1583.5,119.70747375,True,NGC3430,32614,432253,90222,5982,NGC 3430,True,True,True,True,VFID2672,True,True,True,True,True,True,VFID2670-NGC3430,HPESL160A_J105211.4+325701,red,163.047525,32.950314,7.7e-05,6.5e-05,3656.79,20.91,6.496,343.998,25.04,19.866,0.793376,f,1342255914
280,31.293727,-63.259952,VFID2677,162.943305,32.9003095,1530.1,74.665718079,True,NGC3424,32584,625432,138221,5972,NGC 3424,True,True,True,True,VFID2679,True,True,True,True,True,True,VFID2677-NGC3424,HPESL100A_J105144.1+325415,green,162.934059,32.90422,1.9e-05,1.6e-05,3228.424,2.312,5.565,4585.714,14.231,8.078,0.567657,f,1342255914
302,6.827115,-63.492086,VFID2760,174.935796,31.9312405,2669.0,59.857868195,True,NGC3788,36160,426632,88792,6623,NGC 3788,True,True,True,True,VFID2762,True,True,True,True,True,True,VFID2760-NGC3788,HPESL070A_J113944.1+315556,blue,174.933796,31.932087,6.7e-05,5.7e-05,927.596,4.414,4.196,329.701,15.561,null,0.0,f,1342223319
302,8.772551,163.81205,VFID2760,174.935796,31.9312405,2669.0,59.857868195,True,NGC3788,36160,426632,88792,6623,NGC 3788,True,True,True,True,VFID2762,True,True,True,True,True,True,VFID2760-NGC3788,HPESL160A_J113944.7+315544,red,174.936596,31.9289,0.000132,0.000112,2555.279,16.292,5.856,323.727,36.638,null,0.0,f,1342223319
302,14.120653,154.446635,VFID2760,174.935796,31.9312405,2669.0,59.857868195,True,NGC3788,36160,426632,88792,6623,NGC 3788,True,True,True,True,VFID2762,True,True,True,True,True,True,VFID2760-NGC3788,HPESL070A_J113945.0+315540,blue,174.93779,31.927702,5.5e-05,4.7e-05,877.031,4.979,11.178,366.75,15.19,6.709,0.441656,f,1342223319
302,18.35385,-9.420894,VFID2760,174.935796,31.9312405,2669.0,59.857868195,True,NGC3788,36160,426632,88792,6623,NGC 3788,True,True,True,True,VFID2762,True,True,True,True,True,True,VFID2760-NGC3788,HPESL070A_J113944.3+315611,blue,174.934813,31.93627,0.000113,9.6e-05,1042.244,4.527,null,400.431,13.502,7.438,0.55086,f,1342223319
304,22.100422,58.664276,VFID2764,174.926754,31.9071305,2700.9,58.765338898,True,NGC3786,36158,627102,140004,0,NGC 3786,True,True,True,False,VFID2766,True,True,True,True,True,False,VFID2764-NGC3786,HPESL070A_J113943.9+315437,blue,174.932931,31.910323,8.1e-05,6.9e-05,1112.782,4.618,null,293.264,15.382,8.807,0.572569,f,1342223319
315,6.346417,-77.026723,VFID2795,186.0464025,31.5219141,1251.0,41.411529541,True,NGC4359,40330,428159,89276,7483,NGC 4359,True,True,True,True,VFID2797,True,True,True,True,True,True,VFID2795-NGC4359,HPESL100A_J122410.6+313120,green,186.044387,31.52231,0.000128,0.000109,720.694,15.647,null,113.757,14.474,null,0.0,f,1342257125
315,9.001963,-75.159185,VFID2795,186.0464025,31.5219141,1251.0,41.411529541,True,NGC4359,40330,428159,89276,7483,NGC 4359,True,True,True,True,VFID2797,True,True,True,True,True,True,VFID2795-NGC4359,HPESL160A_J122410.4+313121,red,186.043567,31.522555,0.000135,0.000115,965.373,16.232,10.888,103.035,36.84,13.941,0.378429,f,1342257125
315,24.853221,112.87682,VFID2795,186.0464025,31.5219141,1251.0,41.411529541,True,NGC4359,40330,428159,89276,7483,NGC 4359,True,True,True,True,VFID2797,True,True,True,True,True,True,VFID2795-NGC4359,HPESL160A_J122412.9+313109,red,186.053864,31.51923,0.000331,0.000282,698.181,9.708,7.922,109.023,27.6,null,0.0,f,1342257125
315,29.70002,112.630265,VFID2795,186.0464025,31.5219141,1251.0,41.411529541,True,NGC4359,40330,428159,89276,7483,NGC 4359,True,True,True,True,VFID2797,True,True,True,True,True,True,VFID2795-NGC4359,HPESL100A_J122413.2+313107,green,186.055335,31.518739,0.000277,0.000236,393.014,9.224,null,104.132,20.136,null,0.0,f,1342257125
323,14.040182,93.54872,VFID2881,188.46306,30.2775211,1174.9,59.995857239,True,NGC4525,41755,668581,162019,7714,NGC 4525,True,True,True,True,VFID2883,True,True,True,True,True,True,VFID2881-NGC4525,HPESL100A_J123352.2+301638,green,188.467567,30.27728,0.000261,0.000226,234.847,5.795,null,104.955,15.606,null,0.0,f,1342257471
323,18.603004,-93.885903,VFID2881,188.46306,30.2775211,1174.9,59.995857239,True,NGC4525,41755,668581,162019,7714,NGC 4525,True,True,True,True,VFID2883,True,True,True,True,True,True,VFID2881-NGC4525,HPESL100A_J123349.7+301638,green,188.45709,30.277171,0.000392,0.000339,321.894,7.504,null,94.831,18.423,null,0.0,f,1342257471
361,5.669139,145.255831,VFID3019,156.754755,28.6393464,1324.3,69.682106018,True,NGC3245A,30714,497538,107715,5662,NGC 3245A,True,True,True,True,VFID3022,True,True,True,True,True,True,VFID3019-NGC3245A,HPESL160A_J102701.3+283817,red,156.755778,28.638052,0.000344,0.000302,330.801,8.071,8.414,62.594,41.078,13.433,0.32702,f,1342255930
376,5.596674,-65.252377,VFID3084,166.012269,28.0367856,1371.7,47.656402588,True,NGC3512,33432,657348,159215,6128,NGC 3512,True,True,True,True,VFID3087,False,True,True,True,True,True,VFID3084-NGC3512,HPESL160A_J110402.5+280215,red,166.010669,28.037436,0.000519,0.000459,2208.031,24.842,11.031,162.992,35.226,null,0.0,f,1342255296
378,6.477287,104.516579,VFID3095,188.9903415,27.9596837,813.6,317.04525757,True,NGC4559,42002,0,0,7766,NGC 4559,True,False,False,True,VFID3098,True,True,True,True,True,False,VFID3095-NGC4559,HPESL160A_J123558.1+275733,red,188.992313,27.959233,2.3e-05,2.1e-05,2023.677,13.775,2.932,289.196,28.608,26.246,0.917417,t,1342187067
378,9.758902,115.717397,VFID3095,188.9903415,27.9596837,813.6,317.04525757,True,NGC4559,42002,0,0,7766,NGC 4559,True,False,False,True,VFID3098,True,True,True,True,True,False,VFID3095-NGC4559,HPESL100A_J123558.3+275731,green,188.993106,27.958507,2.6e-05,2.3e-05,1965.603,13.429,null,386.347,14.679,11.101,0.756273,f,1342187068
378,11.05045,117.357618,VFID3095,188.9903415,27.9596837,813.6,317.04525757,True,NGC4559,42002,0,0,7766,NGC 4559,True,False,False,True,VFID3098,True,True,True,True,True,False,VFID3095-NGC4559,HPESL070A_J123558.4+275730,blue,188.993428,27.958273,3.7e-05,3.3e-05,1087.924,7.288,6.842,329.603,11.549,8.408,0.728023,f,1342187067
378,15.267269,-125.503986,VFID3095,188.9903415,27.9596837,813.6,317.04525757,True,NGC4559,42002,0,0,7766,NGC 4559,True,False,False,True,VFID3098,True,True,True,True,True,False,VFID3095-NGC4559,HPESL070A_J123556.7+275726,blue,188.986433,27.957221,9.1e-05,8e-05,1202.722,4.465,null,364.917,12.861,6.714,0.522038,f,1342187067
387,10.083416,-149.237749,VFID3174,170.1325335,26.96335,1508.8,52.981136322,True,NGC3629,34719,474093,101276,6352,NGC 3629,True,True,True,True,VFID3177,True,False,True,True,True,True,VFID3174-NGC3629,HPESL160A_J112031.4+265739,red,170.130926,26.960943,0.000524,0.000467,769.071,10.418,4.130,106.617,32.442,null,0.0,f,1342255509
387,38.707823,-174.213313,VFID3174,170.1325335,26.96335,1508.8,52.981136322,True,NGC3629,34719,474093,101276,6352,NGC 3629,True,True,True,True,VFID3177,True,False,True,True,True,True,VFID3174-NGC3629,HPESL100A_J112031.5+265710,green,170.131317,26.952653,0.000372,0.000331,208.073,3.008,null,111.192,19.846,null,0.0,f,1342255509
392,3.068424,34.177277,VFID3221,158.925222,26.1258846,1396.4,17.422931671,True,PGC031387,31387,497257,107609,201524,CGCG 124-041,True,True,True,True,VFID3224,True,True,True,False,True,True,VFID3221-CGCG124-041,HPESL100A_J103542.1+260736,green,158.925755,26.12659,6.4e-05,5.8e-05,508.083,23.326,16.561,74.899,14.873,9.258,0.62247,f,1342255934
395,1.844391,134.423705,VFID3234,189.086598,25.9875214,1226.2,502.48284912,True,NGC4565,42038,0,141702,7772,NGC 4565,True,False,True,True,VFID3237,False,True,True,True,True,True,VFID3234-NGC4565,HPESL160A_J123620.8+255914,red,189.087005,25.987163,3.8e-05,3.4e-05,7231.154,22.891,3.904,663.922,29.682,null,0.0,f,1342257997
395,2.911361,138.285908,VFID3234,189.086598,25.9875214,1226.2,502.48284912,True,NGC4565,42038,0,141702,7772,NGC 4565,True,False,True,True,VFID3237,False,True,True,True,True,True,VFID3234-NGC4565,HPESL160A_J123620.9+255913,red,189.087197,25.986918,8.3e-05,7.5e-05,7665.412,24.047,4.045,657.986,25.574,null,0.0,f,1342257995
395,20.449368,147.512808,VFID3234,189.086598,25.9875214,1226.2,502.48284912,True,NGC4565,42038,0,141702,7772,NGC 4565,True,False,True,True,VFID3237,False,True,True,True,True,True,VFID3234-NGC4565,HPESL100A_J123621.6+255858,green,189.089992,25.98273,2.4e-05,2.1e-05,3650.886,10.349,null,676.86,29.584,6.567,0.221984,f,1342257997
414,1.731971,-109.303097,VFID3300,155.2380735,25.3649211,1297.4,16.638771057,True,UGC05588,30263,496587,107442,5588,UGC 05588,True,True,True,True,VFID3303,True,True,True,True,True,True,VFID3300-UGC05588,HPESL100A_J102057.0+252153,green,155.237571,25.364762,3.5e-05,3.2e-05,2111.093,84.969,null,78.388,16.535,13.640,0.824946,f,1342255471
460,2.054539,-105.296618,VFID3546,154.4493525,21.8733281,1583.2,67.316459656,True,NGC3187,30068,500751,108488,5556,NGC 3187,True,True,True,True,VFID3549,False,True,True,True,True,False,VFID3546-NGC3187,HPESL100A_J101747.7+215223,green,154.448759,21.873178,7.5e-05,7e-05,933.267,11.505,null,185.372,21.746,null,0.0,f,1342207146
460,10.317803,126.755871,VFID3546,154.4493525,21.8733281,1583.2,67.316459656,True,NGC3187,30068,500751,108488,5556,NGC 3187,True,True,True,True,VFID3549,False,True,True,True,True,False,VFID3546-NGC3187,HPESL160A_J101748.4+215218,red,154.451827,21.871613,6.4e-05,5.9e-05,1471.9,15.763,11.811,154.234,36.088,null,0.0,t,1342207145
460,10.333661,137.894432,VFID3546,154.4493525,21.8733281,1583.2,67.316459656,True,NGC3187,30068,500751,108488,5556,NGC 3187,True,True,True,True,VFID3549,False,True,True,True,True,False,VFID3546-NGC3187,HPESL070A_J101748.3+215216,blue,154.451426,21.871198,0.000103,9.5e-05,490.068,5.964,5.172,181.25,26.052,7.267,0.278934,f,1342207145
460,21.264216,-55.578882,VFID3546,154.4493525,21.8733281,1583.2,67.316459656,True,NGC3187,30068,500751,108488,5556,NGC 3187,True,True,True,True,VFID3549,False,True,True,True,True,False,VFID3546-NGC3187,HPESL160A_J101746.5+215236,red,154.444102,21.876667,5.5e-05,5.1e-05,1080.092,14.038,11.346,129.662,26.611,null,0.0,t,1342207145
460,24.777698,120.067552,VFID3546,154.4493525,21.8733281,1583.2,67.316459656,True,NGC3187,30068,500751,108488,5556,NGC 3187,True,True,True,True,VFID3549,False,True,True,True,True,False,VFID3546-NGC3187,HPESL070A_J101749.3+215212,blue,154.455771,21.86988,0.00012,0.000111,368.268,5.786,6.733,160.728,12.64,null,0.0,f,1342207145
460,25.777412,-53.39453,VFID3546,154.4493525,21.8733281,1583.2,67.316459656,True,NGC3187,30068,500751,108488,5556,NGC 3187,True,True,True,True,VFID3549,False,True,True,True,True,False,VFID3546-NGC3187,HPESL070A_J101746.3+215239,blue,154.443158,21.877598,0.000109,0.000101,372.208,7.291,7.424,159.228,16.067,null,0.0,f,1342207145
461,9.383678,-94.663209,VFID3551,154.5260505,21.8326815,1317.1,109.17450714,True,NGC3190,30083,624287,137020,5559,NGC 3190:[WLQ2016] X0001,True,True,True,True,VFID3554,False,True,True,True,True,False,VFID3551-NGC3190:WLQ2016X0001,HPESL160A_J101805.5+214957,red,154.523252,21.83247,1e-05,9e-06,6500.987,29.078,15.803,584.439,24.466,11.378,0.465058,t,1342207145
461,19.375077,131.002629,VFID3551,154.5260505,21.8326815,1317.1,109.17450714,True,NGC3190,30083,624287,137020,5559,NGC 3190:[WLQ2016] X0001,True,True,True,True,VFID3554,False,True,True,True,True,False,VFID3551-NGC3190:WLQ2016X0001,HPESL100A_J101807.3+214945,green,154.530426,21.82915,2.9e-05,2.7e-05,2077.435,4.035,null,1386.16,14.142,null,0.0,f,1342207146
461,19.842357,130.859743,VFID3551,154.5260505,21.8326815,1317.1,109.17450714,True,NGC3190,30083,624287,137020,5559,NGC 3190:[WLQ2016] X0001,True,True,True,True,VFID3554,False,True,True,True,True,False,VFID3551-NGC3190:WLQ2016X0001,HPESL070A_J101807.3+214945,blue,154.530541,21.829076,9.2e-05,8.6e-05,808.763,2.097,null,611.179,15.998,7.998,0.499941,f,1342207145
461,35.935068,-72.744701,VFID3551,154.5260505,21.8326815,1317.1,109.17450714,True,NGC3190,30083,624287,137020,5559,NGC 3190:[WLQ2016] X0001,True,True,True,True,VFID3554,False,True,True,True,True,False,VFID3551-NGC3190:WLQ2016X0001,HPESL100A_J101803.7+215008,green,154.515781,21.835642,2.5e-05,2.3e-05,2319.084,4.715,5.797,1451.802,21.704,8.909,0.410458,f,1342207146
497,21.405541,84.423403,VFID4104,182.727315,15.9462737,2129.2,13.493395805,True,PGC038779,38779,367946,75442,0,VCC 0030,True,True,True,False,VFID4107,False,False,True,False,True,True,VFID4104-VCC0030,HPESL100A_J121056.0+155649,green,182.73347,15.946851,0.000369,0.000354,65.354,6.66,3.093,41.72,47.363,null,0.0,f,1342198147
500,1.40561,-118.279337,VFID4179,233.634975,15.1937933,1969.8,44.169376373,True,NGC5953,55480,685542,166278,0,NGC 5953,True,True,True,False,VFID4182,True,False,True,True,True,True,VFID4179-NGC5953,HPESL100A_J153432.3+151137,green,233.634619,15.193608,4e-06,4e-06,12540.216,200.392,26.624,258.618,13.875,11.963,0.862185,f,1342202566
500,1.604881,-121.06306,VFID4179,233.634975,15.1937933,1969.8,44.169376373,True,NGC5953,55480,685542,166278,0,NGC 5953,True,True,True,False,VFID4182,True,False,True,True,True,True,VFID4179-NGC5953,HPESL070A_J153432.3+151137,blue,233.634579,15.193563,9e-06,8e-06,9189.939,115.838,34.493,298.276,13.212,11.200,0.847704,f,1342202564
518,0.964517,-2.227577,VFID5292,204.3834195,8.885176,1152.1,122.21408081,True,NGC5248,48130,0,143701,8616,NGC 5248,True,False,True,True,VFID5308,True,True,True,True,True,True,VFID5292-NGC5248,HPESL100A_J133732.0+085308,green,204.383409,8.885444,9e-06,9e-06,16946.964,88.561,null,655.542,19.423,14.135,0.727728,f,1342261988
535,2.411445,-71.243112,VFID5842,208.7435295,5.3337007,1369.8,84.941757202,True,NGC5356,49468,153757,31560,8831,NGC 5356,True,True,True,True,VFID5859,True,True,True,True,True,True,VFID5842-NGC5356,HPESL100A_J135458.2+052002,green,208.742892,5.333916,5.8e-05,5.8e-05,1210.593,14.63,null,202.437,21.418,9.022,0.421232,f,1342259304
535,2.518583,-79.178771,VFID5842,208.7435295,5.3337007,1369.8,84.941757202,True,NGC5356,49468,153757,31560,8831,NGC 5356,True,True,True,True,VFID5859,True,True,True,True,True,True,VFID5842-NGC5356,HPESL160A_J135458.2+052002,red,208.742839,5.333832,8.5e-05,8.4e-05,2013.163,20.934,11.096,172.382,54.468,15.528,0.285091,f,1342259304
535,13.612699,-154.588057,VFID5842,208.7435295,5.3337007,1369.8,84.941757202,True,NGC5356,49468,153757,31560,8831,NGC 5356,True,True,True,True,VFID5859,True,True,True,True,True,True,VFID5842-NGC5356,HPESL100A_J135458.0+051949,green,208.7419,5.330285,0.000136,0.000135,1085.397,11.537,null,215.156,20.749,null,0.0,f,1342259304
535,35.215918,-160.717697,VFID5842,208.7435295,5.3337007,1369.8,84.941757202,True,NGC5356,49468,153757,31560,8831,NGC 5356,True,True,True,True,VFID5859,True,True,True,True,True,True,VFID5842-NGC5356,HPESL100A_J135457.6+051928,green,208.740285,5.324467,0.000124,0.000124,714.884,11.651,null,154.716,21.17,12.083,0.570765,f,1342259304
536,16.52211,119.823509,VFID5844,209.0888115,5.3289876,1402.5,14.966534615,True,SDSSJ135621.34+051944.3,4012227,153781,31567,0,SDSS J135621.31+051944.2,True,True,True,False,VFID5861,False,False,True,False,True,True,VFID5844-SDSSJ135621.31+051944.2,HPESL160A_J135622.2+051936,red,209.09281,5.326705,0.0006,0.000597,437.619,6.068,5.423,98.872,25.063,null,0.0,t,1342259302
538,2.899197,179.538854,VFID5855,208.5469185,5.227286,1450.3,116.44510651,True,NGC5348,49411,630795,144056,8821,NGC 5348,True,True,True,True,VFID5872,True,True,True,True,True,True,VFID5855-NGC5348,HPESL160A_J135411.2+051335,red,208.546925,5.226481,0.000133,0.000133,674.842,14.944,9.299,74.706,26.231,12.398,0.472634,f,1342259306
538,3.036787,-179.685506,VFID5855,208.5469185,5.227286,1450.3,116.44510651,True,NGC5348,49411,630795,144056,8821,NGC 5348,True,True,True,True,VFID5872,True,True,True,True,True,True,VFID5855-NGC5348,HPESL100A_J135411.2+051335,green,208.546914,5.226442,0.000109,0.000108,407.521,15.483,null,81.855,14.064,null,0.0,f,1342259306
543,32.686018,30.334704,VFID5889,209.0498895,5.0146562,1239.7,114.0568161,True,NGC5364,49555,593369,144118,8853,NGC 5364,True,True,True,True,VFID5906,True,False,True,True,True,True,VFID5889-NGC5364,HPESL160A_J135613.0+050121,red,209.054493,5.022493,0.000101,0.000101,1624.333,15.714,4.517,183.311,29.565,14.685,0.496694,f,1342259555
546,3.520385,-46.877189,VFID5905,220.74156,4.8896824,1584.1,62.534725189,True,IC1048,52564,88064,18301,9483,IC 1048,True,True,True,True,VFID5922,True,True,True,True,True,True,VFID5905-IC1048,HPESL160A_J144257.8+045325,red,220.740844,4.890351,2.9e-05,2.9e-05,3971.688,29.127,20.426,301.632,27.083,12.033,0.444311,f,1342261303
551,1.883114,165.577611,VFID5949,185.6134035,4.5662732,1279.3,34.050323486,True,NGC4303A,40087,628205,141242,7439,NGC 4301,True,True,True,True,VFID5966,False,False,True,True,True,True,VFID5949-NGC4301,HPESL070A_J122227.2+043357,blue,185.613534,4.565767,0.000246,0.000245,213.725,12.042,null,49.413,13.924,9.195,0.660409,f,1342225538
551,18.016426,86.130602,VFID5949,185.6134035,4.5662732,1279.3,34.050323486,True,NGC4303A,40087,628205,141242,7439,NGC 4301,True,True,True,True,VFID5966,False,False,True,True,True,True,VFID5949-NGC4301,HPESL160A_J122228.4+043400,red,185.618413,4.566611,0.000305,0.000304,412.673,9.874,5.390,56.51,32.427,null,0.0,f,1342199758
551,19.276681,87.204255,VFID5949,185.6134035,4.5662732,1279.3,34.050323486,True,NGC4303A,40087,628205,141242,7439,NGC 4301,True,True,True,True,VFID5966,False,False,True,True,True,True,VFID5949-NGC4301,HPESL100A_J122228.5+043400,green,185.618769,4.566534,0.000189,0.000189,351.537,15.81,11.024,72.568,24.737,12.892,0.521179,f,1342199758
551,20.298582,93.348138,VFID5949,185.6134035,4.5662732,1279.3,34.050323486,True,NGC4303A,40087,628205,141242,7439,NGC 4301,True,True,True,True,VFID5966,False,False,True,True,True,True,VFID5949-NGC4301,HPESL160A_J122228.5+043357,red,185.61905,4.565944,0.000158,0.000158,427.176,8.633,6.900,59.456,30.155,20.562,0.681883,f,1342225538
551,21.601515,-124.696932,VFID5949,185.6134035,4.5662732,1279.3,34.050323486,True,NGC4303A,40087,628205,141242,7439,NGC 4301,True,True,True,True,VFID5966,False,False,True,True,True,True,VFID5949-NGC4301,HPESL070A_J122226.0+043346,blue,185.608454,4.562858,0.000246,0.000245,156.742,6.088,null,62.093,25.599,null,0.0,f,1342225538
553,38.119494,5.54791,VFID5960,185.478414,4.4737765,1566.8,206.59568787,True,NGC4303,40001,628187,141222,7420,MESSIER 061,True,True,True,True,VFID5977,False,False,True,True,True,False,VFID5960-MESSIER061,HPESL100A_J122155.0+042904,green,185.479441,4.484316,6.9e-05,6.9e-05,4234.596,16.147,3.796,980.645,45.307,29.704,0.655619,f,1342199758
554,10.014346,102.870253,VFID5964,218.351295,4.4504957,1582.9,57.163822174,True,NGC5668,52018,681862,165200,9363,NGC 5668,True,True,True,True,VFID5981,True,True,True,True,True,True,VFID5964-NGC5668,HPESL160A_J143324.9+042700,red,218.354015,4.449876,0.000268,0.000267,404.131,3.946,1.258,131.107,44.25,null,0.0,f,1342259537
554,18.038129,-19.645137,VFID5964,218.351295,4.4504957,1582.9,57.163822174,True,NGC5668,52018,681862,165200,9363,NGC 5668,True,True,True,True,VFID5981,True,True,True,True,True,True,VFID5964-NGC5668,HPESL100A_J143323.9+042719,green,218.349605,4.455215,0.000205,0.000205,580.599,6.723,null,164.263,16.424,6.746,0.410732,f,1342259537
554,21.394697,102.529534,VFID5964,218.351295,4.4504957,1582.9,57.163822174,True,NGC5668,52018,681862,165200,9363,NGC 5668,True,True,True,True,VFID5981,True,True,True,True,True,True,VFID5964-NGC5668,HPESL100A_J143325.7+042657,green,218.357114,4.449206,0.00014,0.00014,361.118,4.238,null,158.081,16.975,null,0.0,f,1342259537
554,27.569246,169.557334,VFID5964,218.351295,4.4504957,1582.9,57.163822174,True,NGC5668,52018,681862,165200,9363,NGC 5668,True,True,True,True,VFID5981,True,True,True,True,True,True,VFID5964-NGC5668,HPESL100A_J143324.6+042635,green,218.352687,4.442964,0.000156,0.000156,498.645,6.461,null,157.579,14.589,null,0.0,f,1342259537
554,31.099462,55.45202,VFID5964,218.351295,4.4504957,1582.9,57.163822174,True,NGC5668,52018,681862,165200,9363,NGC 5668,True,True,True,True,VFID5981,True,True,True,True,True,True,VFID5964-NGC5668,HPESL100A_J143326.0+042719,green,218.358432,4.455395,0.000207,0.000206,438.818,7.132,null,171.738,18.623,null,0.0,f,1342259537
554,33.944872,-103.150675,VFID5964,218.351295,4.4504957,1582.9,57.163822174,True,NGC5668,52018,681862,165200,9363,NGC 5668,True,True,True,True,VFID5981,True,True,True,True,True,True,VFID5964-NGC5668,HPESL100A_J143322.1+042654,green,218.342085,4.44835,0.000275,0.000274,274.536,4.271,null,123.683,28.52,null,0.0,f,1342259537
558,1.825257,100.971303,VFID6018,215.018397,3.992753,1730.2,103.54312134,True,NGC5560,51223,680808,164836,9172,NGC 5560,True,True,True,True,VFID6035,True,True,True,True,True,True,VFID6018-NGC5560,HPESL160A_J142004.5+035934,red,215.018896,3.992657,4.4e-05,4.4e-05,3403.009,31.517,19.162,218.223,49.096,12.168,0.247842,f,1342259545
558,3.788621,102.091111,VFID6018,215.018397,3.992753,1730.2,103.54312134,True,NGC5560,51223,680808,164836,9172,NGC 5560,True,True,True,True,VFID6035,True,True,True,True,True,True,VFID6018-NGC5560,HPESL100A_J142004.6+035933,green,215.019429,3.992533,1.6e-05,1.6e-05,2747.23,33.956,14.613,228.209,15.893,7.440,0.468157,f,1342259545
558,15.291412,-66.253802,VFID6018,215.018397,3.992753,1730.2,103.54312134,True,NGC5560,51223,680808,164836,9172,NGC 5560,True,True,True,True,VFID6035,True,True,True,True,True,True,VFID6018-NGC5560,HPESL100A_J142003.4+035940,green,215.0145,3.994463,2.6e-05,2.6e-05,2253.615,16.579,10.609,394.831,18.287,null,0.0,f,1342259545
561,34.064504,96.028729,VFID6028,207.0668595,3.9508765,1171.4,84.941757202,True,NGC5300,48959,152846,31426,8727,NGC 5300,True,True,True,True,VFID6045,True,True,True,True,True,True,VFID6028-NGC5300,HPESL160A_J134818.3+035700,red,207.076292,3.949883,0.000258,0.000257,395.768,5.631,1.566,98.126,36.496,null,0.0,f,1342261986
561,37.5172,-103.454289,VFID6028,207.0668595,3.9508765,1171.4,84.941757202,True,NGC5300,48959,152846,31426,8727,NGC 5300,True,True,True,True,VFID6045,True,True,True,True,True,True,VFID6028-NGC5300,HPESL100A_J134813.6+035654,green,207.0567,3.948452,0.000142,0.000142,130.684,5.974,4.964,98.188,16.015,11.537,0.720398,f,1342261986
565,5.186063,-13.515227,VFID6048,217.50768,3.7728979,1719.4,28.981525421,True,IC1022,51808,87358,18052,9311,IC 1022,True,True,True,True,VFID6065,True,False,True,True,True,True,VFID6048-IC1022,HPESL100A_J143001.7+034627,green,217.507343,3.774299,0.000244,0.000244,247.621,10.886,null,73.8,23.765,null,0.0,f,1342259166
569,1.494252,-41.797027,VFID6091,215.3045715,3.4358432,1489.1,85.925338745,True,NGC5577,51286,87038,144923,9187,NGC 5577,True,True,True,True,VFID6108,True,True,True,True,True,True,VFID6091-NGC5577,HPESL160A_J142113.0+032610,red,215.304294,3.436153,0.000168,0.000168,1200.614,15.072,8.754,128.811,45.033,19.237,0.427189,f,1342259543
569,30.100858,-117.625628,VFID6091,215.3045715,3.4358432,1489.1,85.925338745,True,NGC5577,51286,87038,144923,9187,NGC 5577,True,True,True,True,VFID6108,True,True,True,True,True,True,VFID6091-NGC5577,HPESL160A_J142111.3+032555,red,215.29715,3.431966,0.000241,0.000241,1034.839,13.003,6.635,118.607,30.527,null,0.0,f,1342259543
571,3.190207,26.265956,VFID6098,219.575478,3.4103085,1600.7,28.649778366,True,NGC5692,52317,87646,18153,9427,NGC 5692,True,True,True,True,VFID6115,True,True,True,True,True,True,VFID6098-NGC5692,HPESL100A_J143818.2+032440,green,219.575871,3.411103,2.6e-05,2.6e-05,2486.491,101.138,null,74.455,14.89,null,0.0,f,1342259535
592,24.484985,169.056282,VFID6169,222.595368,2.9583558,1697.9,10.94261837,True,PGC1241857,1241857,632250,145642,242986,SDSS J145022.84+025730.5,True,True,True,True,VFID6186,False,False,True,False,True,True,VFID6169-SDSSJ145022.84+025730.5,HPESL100A_J145023.2+025706,green,222.596661,2.951678,0.000478,0.000477,196.159,4.678,3.264,117.505,30.763,null,0.0,f,1342190254
622,0.889016,-41.034133,VFID6340,221.233062,1.9549057,1711.4,217.33079529,True,NGC5746,52665,683040,145554,9499,NGC 5746,True,True,True,True,VFID6357,True,False,True,True,True,True,VFID6340-NGC5746,HPESL100A_J144455.9+015718,green,221.2329,1.955092,0.00013,0.00013,2399.814,27.805,17.037,317.843,32.41,15.591,0.481059,f,1342190254
622,1.097304,-37.449086,VFID6340,221.233062,1.9549057,1711.4,217.33079529,True,NGC5746,52665,683040,145554,9499,NGC 5746,True,True,True,True,VFID6357,True,False,True,True,True,True,VFID6340-NGC5746,HPESL160A_J144455.8+015719,red,221.232877,1.955148,0.000158,0.000158,3828.292,11.6,8.059,313.803,39.647,19.138,0.482715,f,1342190254
634,2.786456,100.234684,VFID6380,215.8630875,1.7262628,1396.2,62.968196869,True,UGC09215,51400,681071,164911,9215,UGC 09215,True,True,True,True,VFID6397,True,True,True,True,True,True,VFID6380-UGC09215,HPESL100A_J142327.3+014334,green,215.86385,1.726125,2.7e-05,2.7e-05,1111.313,32.434,16.754,118.994,14.041,7.982,0.568487,f,1342259164
687,1.794326,106.759504,VFID6603,218.1187425,0.2940298,1620.5,53.22568512,True,UGC09348,51957,14284,2473,9348,UGC 09348,True,True,True,True,VFID6620,True,True,True,True,True,True,VFID6603-UGC09348,HPESL160A_J143228.6+001738,red,218.11922,0.293886,0.000245,0.000245,854.405,9.649,16.023,134.18,35.037,10.880,0.31052,f,1342189845
