cntr_01,dist_x,pang_x,ra_01,dec_01,vfid_01,name,nameH,band,ra,dec,raerr,decerr,flux,snr,stn,strn,fwhmxfit,fwhmyfit,flag_elong,edgeflag,obsid,vr,70micronsflag,100micronsflag
19,5.880884,-126.491448,189.35,74.19,VFID0018,NGC4589,HPESL070A_J123723.8+741127,blue,189.34947,74.19089,6.60E-05,1.80E-05,209.874,205.238,20.351,7.496,12.235,5.982,0.48895,f,1342265561,2001.9,TRUE,TRUE
88,3.375699,-58.091415,107.93,72.17,VFID0087,UGC03701,HPESL160A_J071142.0+721011,red,107.925276,72.16969,0.000861,0.000264,209.644,8.238,6.317,27.945,30.398,null,0,t,1342265553,2915.1,TRUE,TRUE
133,30.230941,-31.790885,151.38,70.36,VFID0132,UGC05423,HPESL100A_J100527.6+702218,green,151.365297,70.37158,0.000809,0.000272,71.968,2.967,3.572,53.354,20.807,null,0,f,1342207175,353.2000122,TRUE,TRUE
188,0.068859,168.540601,170.05,67.24,VFID0187,NGC3622,HPESL160A_J112012.3+671430,red,170.051575,67.24161,5.80E-05,2.30E-05,1817.037,32.573,22.28,102.528,29.137,15.343,0.526569,t,1342243215,1302.2,TRUE,TRUE
241,37.794363,-107.457691,182.02,65.17,VFID0240,NGC4125,HPESL100A_J120800.2+651016,green,182.001023,65.171025,0.000489,0.000205,114.825,1.151,null,184.417,14.906,null,0,f,1342270916,1389,TRUE,TRUE
489,2.388158,-174.429322,178.31,60.68,VFID0488,NGC3945,HPESL160A_J115313.6+604030,red,178.306813,60.674926,0.000721,0.000353,92.647,5.718,3.579,36.042,25.674,17.455,0.679862,f,1342255706,1187,FALSE,TRUE
693,33.589518,106.920298,133.89,58.73,VFID0692,NGC2685,HPESL160A_J085538.8+584354,red,133.911798,58.731677,0.000496,0.000257,341.336,7.822,3.321,58.819,34.758,null,0,f,1342254557,877,FALSE,TRUE
697,1.404217,-23.009865,208.69,58.67,VFID0696,NGC5372,HPESL100A_J135445.9+584001,green,208.69135,58.666978,2.40E-05,1.20E-05,3829.754,177.219,27.26,78.477,14.661,9.589,0.654064,f,1342258522,1719.5,FALSE,TRUE
703,12.08717,60.970996,175.03,58.61,VFID0702,NGC3795,HPESL100A_J114008.1+583653,green,175.033745,58.61478,0.000282,0.000147,597.571,11.601,null,121.642,29.573,10.217,0.345479,f,1342255704,1207.7,FALSE,TRUE
712,20.077151,-84.527267,172.14,58.56,VFID0711,NGC3690,HPESL070A_J112831.0+583348,blue,172.129243,58.563438,1.00E-05,5.00E-06,55153.623,6.212,null,4480.896,14.558,null,0,t,1342210600,3129.7,TRUE,TRUE
713,1.528239,88.216311,172.13,58.56,VFID0712,IC0694,HPESL100A_J112830.9+583343,green,172.129078,58.561851,7.00E-06,4.00E-06,48901.167,21.251,null,7236.146,17.974,null,0,t,1342210604,2994.9,TRUE,TRUE
758,8.39811,-9.784753,174.11,58.19,VFID0757,UGC06575,HPESL160A_J113626.3+581135,red,174.109609,58.193153,0.00037,0.000195,404.975,8.293,3.729,81.426,32.09,12.219,0.380786,f,1342255702,1212.9,FALSE,TRUE
937,1.904167,-144.193389,228.97,56.33,VFID0936,NGC5907,HPESL160A_J151553.4+561943,red,228.972592,56.328722,3.80E-05,2.10E-05,15816.617,29.158,8.208,1347.966,53.255,13.998,0.262852,f,1342220804,667.4,FALSE,TRUE
949,12.417978,-17.52699,175.23,56.2,VFID0948,NGC3794,HPESL100A_J114053.6+561220,green,175.223349,56.205494,0.000581,0.000323,347.635,8.012,null,89.726,14.235,null,0,f,1342255868,1383,FALSE,TRUE
957,2.676348,-46.871872,177.31,56.08,VFID0956,NGC3898,HPESL100A_J114915.0+560506,green,177.312795,56.08487,0.000129,7.20E-05,375.095,15.507,15.798,82.507,16.109,7.8,0.484195,f,1342255866,1173,FALSE,TRUE
961,19.133453,-136.087112,161.34,55.96,VFID0960,NGC3353,HPESL070A_J104520.8+555724,blue,161.336727,55.956536,0.000164,9.20E-05,2016.332,6.092,3.198,281.895,18.696,null,0,f,1342195618,941.9,TRUE,TRUE
977,2.243006,171.600133,226.62,55.76,VFID0976,NGC5866,HPESL160A_J150629.5+554545,red,226.623145,55.762603,1.60E-05,9.00E-06,11527.164,38.53,31.85,811.862,30.984,10.949,0.353385,t,1342202963,674.4,TRUE,TRUE
986,32.246746,-17.088438,150.49,55.68,VFID0985,NGC3079,HPESL100A_J100156.9+554119,green,150.487079,55.688525,1.00E-06,1.00E-06,29032.763,3.646,null,17318.393,22.102,9.254,0.418713,t,1342231542,1163.9,TRUE,TRUE
1036,10.272252,-155.593027,179.12,55.13,VFID1035,NGC3982,HPESL160A_J115627.6+550722,red,179.115127,55.122662,0.000136,7.80E-05,7213.311,24.74,11.697,619.253,43.147,null,0,f,1342257149,1112.2,TRUE,TRUE
1038,9.445318,-112.801457,211.85,55.1,VFID1037,NGC5486,HPESL100A_J140723.9+550607,green,211.849811,55.101996,0.000436,0.00025,300.442,7.238,null,92.71,20.404,null,0,f,1342259352,1381.8,FALSE,TRUE
1041,12.869644,100.993122,176.06,55.03,VFID1040,NGC3846A,HPESL100A_J114416.2+550203,green,176.067847,55.034304,0.000377,0.000216,289.156,6.129,null,88.127,14.126,null,0,f,1342255870,1428.1,FALSE,TRUE
1047,0.570708,20.288767,211.8,55,VFID1046,NGC5485,HPESL160A_J140711.3+550006,red,211.797375,55.001775,0.000124,7.10E-05,694.772,23.859,23.516,47.434,25.608,12.489,0.487708,f,1342237180,1904.5,FALSE,TRUE
1098,3.128482,-15.268255,163.66,54.31,VFID1097,NGC3448,HPESL160A_J105439.3+541821,red,163.663784,54.305952,4.50E-05,2.60E-05,5899.725,37.334,21.678,384.085,24.224,13.838,0.571259,f,1342232409,1372,FALSE,TRUE
1099,37.784791,-16.926658,174.2,54.29,VFID1098,NGC3756,HPESL160A_J113646.7+541813,red,174.194887,54.303631,0.000223,0.00013,1411.42,13.639,3.634,151.39,41.004,null,0,f,1342255872,1287.1,FALSE,TRUE
1174,1.377005,20.567127,170.26,53.17,VFID1173,NGC3631,HPESL160A_J112102.9+531012,red,170.262224,53.169914,0.00011,6.60E-05,7706.332,50.831,17.966,352.1,29.918,24.068,0.804474,f,1342255696,1163.2,FALSE,TRUE
1176,25.325283,19.633764,173.46,53.13,VFID1175,NGC3729,HPESL100A_J113350.3+530757,green,173.4598,53.132472,6.90E-05,4.20E-05,1677.445,5.726,null,792.927,16.158,null,0,f,1342255876,1018.9,FALSE,TRUE
1183,0.932066,106.95811,173.15,53.07,VFID1182,NGC3718,HPESL160A_J113234.9+530404,red,173.145612,53.067824,0.000118,7.10E-05,1379.336,15.413,5.408,164.728,39.621,13.207,0.333325,f,1342231243,992.8,TRUE,FALSE
1212,14.605584,158.831862,162.27,52.34,VFID1211,PGC032356,HPESL070A_J104905.6+521954,blue,162.273432,52.331716,0.000388,0.000237,171.862,12.428,3.002,21.773,13.333,null,0,f,1342195827,2365.1,TRUE,TRUE
1213,27.990877,116.859785,178.45,52.33,VFID1212,NGC3953,HPESL100A_J115351.7+521923,green,178.465573,52.323174,0.000259,0.000158,409.587,4.626,null,340.274,28.596,null,0,f,1342255880,1051,FALSE,TRUE
1275,22.458096,73.059349,140.51,50.98,VFID1274,NGC2841,HPESL100A_J092204.9+505842,green,140.520544,50.978435,0.000181,0.000114,413.154,6.125,2.903,130.494,23.919,9.16,0.382953,f,1342207167,635.4,TRUE,TRUE
1292,22.557819,164.959466,211.59,50.73,VFID1291,NGC5480,HPESL070A_J140622.2+504309,blue,211.592492,50.719052,8.30E-05,5.30E-05,1475.107,3.919,null,438.608,19.836,15.697,0.791362,f,1342257493,1906.5,TRUE,TRUE
1351,0.677939,139.403134,204.01,49.96,VFID1350,IC0902,HPESL100A_J133601.2+495738,green,204.005227,49.960645,3.10E-05,2.00E-05,1932.035,52.885,16.265,126.918,15.331,8.14,0.530926,f,1342258520,1615.9,FALSE,TRUE
1375,30.627777,-29.901768,181.54,49.58,VFID1374,NGC4100,HPESL100A_J120606.9+493525,green,181.529109,49.590147,6.90E-05,4.50E-05,2376.636,1.64,null,3558.484,15.426,10.402,0.674359,f,1342256176,1115,FALSE,TRUE
1546,3.100123,-53.718722,184.74,47.3,VFID1545,NGC4258,HPESL070A_J121857.3+471816,blue,184.738912,47.304391,2.70E-05,1.90E-05,3323.269,11.909,null,529.264,14.513,10.301,0.709774,f,1342220105,454.2000122,TRUE,FALSE
1551,17.40127,-31.474894,202.47,47.2,VFID1550,NGC5194,HPESL100A_J132951.8+471157,green,202.465833,47.199273,4.70E-05,3.20E-05,18885.314,12.349,null,3663.564,21.449,null,0,f,1342178524,460.7999878,TRUE,FALSE
1610,2.402389,74.0667,182.49,46.46,VFID1609,NGC4144,HPESL100A_J120958.7+462727,green,182.494579,46.457514,0.000199,0.000137,660.795,9.689,null,149.391,16.662,null,0,f,1342247294,265.3999939,FALSE,TRUE
1644,6.431206,-34.556842,206.6,46.11,VFID1643,NGC5301,HPESL100A_J134624.3+460631,green,206.601304,46.108629,7.80E-05,5.40E-05,2525.468,16.034,null,370.408,26.282,12.285,0.467425,f,1342259350,1505.7,FALSE,TRUE
1671,21.599311,168.841593,123.5,45.74,VFID1670,IC2233,HPESL100A_J081359.2+454409,green,123.49703,45.735937,0.000177,0.000124,221.388,7.357,5.821,73.395,15.169,7.255,0.478287,f,1342245686,557.8,FALSE,TRUE
1730,7.139184,35.742068,187.19,44.86,VFID1729,NGC4460,HPESL100A_J122845.9+445157,green,187.19149,44.865813,2.20E-05,1.60E-05,3725.061,91.988,null,119.993,15.861,null,0,f,1342257131,487.3999939,FALSE,TRUE
1755,31.4236,-154.72419,180.79,44.53,VFID1754,NGC4051,HPESL160A_J120308.4+443124,red,180.785189,44.523322,0.000139,9.90E-05,1112.811,4.163,2.01,573.914,38.619,14.276,0.369663,f,1342221164,704.3,TRUE,TRUE
1777,1.06451,63.587908,178.21,44.12,VFID1776,NGC3938,HPESL100A_J115249.4+440715,green,178.20622,44.120905,0.000145,0.000104,1435.013,18.565,null,228.263,30.648,null,0,f,1342210437,808.2,TRUE,TRUE
1784,22.392148,26.255154,198.05,44.04,VFID1783,NGC5023,HPESL160A_J131212.6+440236,red,198.052686,44.04328,0.000302,0.000217,484.152,10.201,10.019,69.663,39.647,15.802,0.39858,f,1342246144,406.8999939,FALSE,TRUE
1787,3.10532,13.725849,179.63,43.95,VFID1786,NGC4013,HPESL160A_J115831.4+435652,red,179.63096,43.94765,2.00E-05,1.50E-05,8546.926,24.53,9.463,902.496,29.118,11.539,0.396268,f,1342220968,835.7,FALSE,TRUE
1804,0.415956,-147.143702,183.32,43.7,VFID1803,NGC4183,HPESL100A_J121316.8+434154,green,183.320274,43.698403,3.70E-05,2.70E-05,939.779,18.644,8.382,152.183,14.023,8.599,0.613191,f,1342256168,919.9,FALSE,TRUE
1805,15.654455,129.718842,182.37,43.69,VFID1804,NGC4138,HPESL160A_J120930.8+434057,red,182.378668,43.682493,0.000147,0.000106,2204.223,13.787,4.457,274.972,46.136,null,0,f,1342235139,875.5,TRUE,FALSE
1929,3.296938,-166.513035,228.76,42.05,VFID1928,NGC5899,HPESL160A_J151503.1+420256,red,228.763272,42.048999,8.80E-05,6.50E-05,5408.791,20.539,7.288,531.877,40.197,null,0,f,1342235394,2589.2,TRUE,FALSE
1931,0.472926,-63.193911,198.96,42.03,VFID1930,NGC5055,HPESL070A_J131549.2+420146,blue,198.955239,42.029337,1.40E-05,1.00E-05,10018.252,14.688,null,929.011,11.573,7.576,0.654639,f,1342210476,507.9,TRUE,TRUE
1935,4.337835,101.2663,139.38,41.99,VFID1934,NGC2799,HPESL160A_J091731.3+415938,red,139.380644,41.993936,4.60E-05,3.40E-05,835.398,22.228,14.632,64.867,25.424,11.366,0.447054,t,1342207162,1870,FALSE,TRUE
1954,36.571246,102.793059,206.33,41.71,VFID1953,NGC5290,HPESL070A_J134522.3+414237,blue,206.343055,41.710222,0.00026,0.000194,353.349,2.363,null,289.79,18.386,null,0,f,1342237376,2559.1,TRUE,FALSE
2000,0.631151,-123.035031,190.47,41.27,VFID1999,NGC4625,HPESL100A_J124152.6+411626,green,190.469452,41.273775,9.30E-05,7.00E-05,1437.624,22.441,null,145.66,14.228,null,0,f,1342210469,608.7,TRUE,TRUE
2067,33.211148,-153.654076,208.34,40.36,VFID2066,NGC5350,HPESL160A_J135320.3+402120,red,208.334691,40.355669,0.00033,0.000252,1813.301,11.948,3.888,263.524,57.087,null,0,f,1342259346,2320,TRUE,FALSE
,,,208.4398,40.33869,VFID2068,NGC5355,,,,,,,,,,,,,,,,,TRUE,FALSE
,,,208.3614,40.30275,VFID2073,NGC5354,,,,,,,,,,,,,,,,,TRUE,FALSE
,,,208.3614,40.28314,VFID2074,NGC5353,,,,,,,,,,,,,,,,,TRUE,FALSE
2144,18.490027,124.945395,215.18,39.69,VFID2143,NGC5582,HPESL100A_J142044.4+394126,green,215.18512,39.690645,0.000427,0.000329,13.804,2.294,4.289,29.607,16.19,null,0,f,1342259342,1436,FALSE,TRUE
2158,10.661004,57.296605,216.34,39.54,VFID2157,UGC09242,HPESL100A_J142521.8+393228,green,216.340871,39.541094,0.000433,0.000334,98.192,3.685,4.158,68.776,23.191,null,0,f,1342259340,1466.9,FALSE,TRUE
2255,2.877061,-7.76713,206.94,38.3,VFID2254,NGC5303,HPESL160A_J134744.9+381819,red,206.937254,38.305371,8.00E-05,6.20E-05,4334.284,52.884,32.151,174.573,24.362,null,0,f,1342259338,1412.3,FALSE,TRUE
2314,1.732189,-34.693097,159.07,37.32,VFID2313,NGC3294,HPESL160A_J103616.1+371930,red,159.06736,37.32505,5.40E-05,4.30E-05,4657.076,14.373,4.233,700.537,35.334,20.247,0.573021,f,1342255451,1568.8,FALSE,TRUE
2325,0.489721,-88.149205,139.99,37.19,VFID2324,IC2461,HPESL160A_J091957.9+371128,red,139.991582,37.191224,4.80E-05,3.80E-05,2796.752,32.813,11.44,187.817,32.279,10.647,0.329839,f,1342244256,2259.2,TRUE,FALSE
2369,1.139257,-75.829775,198.36,36.59,VFID2368,NGC5033,HPESL160A_J131327.4+363538,red,198.364247,36.593844,3.10E-05,2.50E-05,20038.541,26.007,11.243,2009.778,42.847,17.903,0.417828,f,1342233077,875.7,TRUE,FALSE
2373,0.39612,-82.040758,175.33,36.55,VFID2372,NGC3813,HPESL160A_J114118.6+363248,red,175.327592,36.546784,4.80E-05,3.90E-05,10426.509,24.117,11.564,960.956,45.918,19.986,0.435259,f,1342256156,1465.6,FALSE,TRUE
2388,34.167141,-65.679404,174.14,36.41,VFID2387,NGC3755,HPESL100A_J113630.7+362451,green,174.128297,36.414223,0.000328,0.000264,263.944,4.408,3.394,94.13,18.47,null,0,f,1342256154,1572.7,FALSE,TRUE
2409,2.646829,45.937267,213.89,36.23,VFID2408,NGC5529,HPESL160A_J141534.2+361338,red,213.892675,36.22718,1.10E-05,9.00E-06,3140.269,19.523,10.893,335.215,43.223,11.653,0.269597,t,1342224776,2875.8,TRUE,FALSE
2410,37.563093,-113.935848,213.93,36.22,VFID2409,SDSSJ141543.48+361319.1,HPESL160A_J141540.6+361304,red,213.919279,36.217733,4.70E-05,3.80E-05,1411.646,14.116,10.298,205.8,25.528,12.436,0.487152,f,1342222509,3067.3,TRUE,FALSE
2414,30.925422,-41.214827,213.83,36.2,VFID2413,PGC050925,HPESL100A_J141517.4+361231,green,213.822688,36.208717,0.000109,8.80E-05,18.405,4.55,5.808,8.954,14.193,7.975,0.561927,t,1342224776,2967.9,TRUE,FALSE
2499,1.56612,-56.061098,158.62,35.26,VFID2498,UGC05738,HPESL100A_J103429.7+351525,green,158.623795,35.256977,6.80E-05,5.60E-05,924.109,34.365,null,81.078,15.611,10.394,0.66579,f,1342255453,1523.8,FALSE,TRUE
2536,7.651375,127.958197,194.76,34.86,VFID2535,PGC044532,HPESL160A_J125902.3+345134,red,194.759729,34.859378,0.00026,0.000213,238.985,8.507,4.69,33.039,32.796,16.324,0.497748,t,1342211384,838.2,TRUE,TRUE
2545,2.567897,52.059573,162.1,34.71,VFID2544,NGC3381,HPESL160A_J104824.9+344243,red,162.10409,34.711841,8.20E-05,6.80E-05,1635.923,21.382,9.057,125.994,29.441,12.246,0.415941,f,1342255910,1628.1,FALSE,TRUE
2621,22.743142,104.226599,208.32,33.49,VFID2620,NGC5347,HPESL160A_J135319.5+332921,red,208.331504,33.489272,0.000221,0.000185,963.824,6.16,4.438,177.946,47.471,null,0,t,1342246878,2371.2,TRUE,TRUE
2666,30.003527,-123.60287,162.48,32.99,VFID2665,NGC3396,HPESL070A_J104953.0+325910,blue,162.471204,32.986211,6.90E-05,5.80E-05,2045.426,3.752,null,583.222,15.961,8.467,0.530474,f,1342221104,1694.2,TRUE,TRUE
2668,3.376631,-46.127077,162.46,32.98,VFID2667,NGC3395,HPESL160A_J104949.9+325901,red,162.457985,32.983483,1.20E-05,1.00E-05,4487.384,30.992,10.9,313.427,30.425,19.253,0.63281,t,1342221104,1619,TRUE,TRUE
2671,0.396111,177.845068,163.05,32.95,VFID2670,NGC3430,HPESL160A_J105211.4+325701,red,163.047525,32.950314,7.70E-05,6.50E-05,3656.79,20.91,6.496,343.998,25.04,19.866,0.793376,f,1342255914,1583.5,FALSE,TRUE
2678,31.293727,-63.259952,162.94,32.9,VFID2677,NGC3424,HPESL100A_J105144.1+325415,green,162.934059,32.90422,1.90E-05,1.60E-05,3228.424,2.312,5.565,4585.714,14.231,8.078,0.567657,f,1342255914,1530.1,FALSE,TRUE
2710,2.470636,38.773745,190.53,32.54,VFID2709,NGC4631,HPESL070A_J124207.9+323235,blue,190.533172,32.543052,1.00E-06,1.00E-06,18866.542,2.756,null,4074.19,14.834,6.992,0.47134,t,1342235130,615.8,TRUE,TRUE
2724,2.018253,-146.465069,179.38,32.33,VFID2723,NGC3991,HPESL100A_J115730.3+322002,green,179.376566,32.333782,1.30E-05,1.10E-05,2212.66,13.813,12.38,518.436,17.02,7.884,0.46323,f,1342211801,3189.2,TRUE,TRUE
2728,2.776538,163.299803,179.4,32.28,VFID2727,NGC3994,HPESL100A_J115736.9+321637,green,179.403879,32.276928,8.00E-06,6.00E-06,6971.798,360.26,null,63.9,14.579,null,0,f,1342211801,3070.9,TRUE,TRUE
2761,6.827115,-63.492086,174.94,31.93,VFID2760,NGC3788,HPESL070A_J113944.1+315556,blue,174.933796,31.932087,6.70E-05,5.70E-05,927.596,4.414,4.196,329.701,15.561,null,0,f,1342223319,2669,TRUE,FALSE
2765,22.100422,58.664276,174.93,31.91,VFID2764,NGC3786,HPESL070A_J113943.9+315437,blue,174.932931,31.910323,8.10E-05,6.90E-05,1112.782,4.618,null,293.264,15.382,8.807,0.572569,f,1342223319,2700.9,TRUE,FALSE
2796,6.346417,-77.026723,186.05,31.52,VFID2795,NGC4359,HPESL100A_J122410.6+313120,green,186.044387,31.52231,0.000128,0.000109,720.694,15.647,null,113.757,14.474,null,0,f,1342257125,1251,FALSE,TRUE
2882,14.040182,93.54872,188.46,30.28,VFID2881,NGC4525,HPESL100A_J123352.2+301638,green,188.467567,30.27728,0.000261,0.000226,234.847,5.795,null,104.955,15.606,null,0,f,1342257471,1174.9,FALSE,TRUE
3020,5.669139,145.255831,156.75,28.64,VFID3019,NGC3245A,HPESL160A_J102701.3+283817,red,156.755778,28.638052,0.000344,0.000302,330.801,8.071,8.414,62.594,41.078,13.433,0.32702,f,1342255930,1324.3,FALSE,TRUE
3027,1.339414,-11.090887,162.05,28.6,VFID3026,NGC3380,HPESL160A_J104812.1+283608,red,162.050623,28.60217,0.000148,0.00013,1232.672,18.882,7.116,102.11,31.971,null,0,f,1342255920,1596.2,FALSE,TRUE
3085,5.596674,-65.252377,166.01,28.04,VFID3084,NGC3512,HPESL160A_J110402.5+280215,red,166.010669,28.037436,0.000519,0.000459,2208.031,24.842,11.031,162.992,35.226,null,0,f,1342255296,1371.7,FALSE,TRUE
3096,6.477287,104.516579,188.99,27.96,VFID3095,NGC4559,HPESL160A_J123558.1+275733,red,188.992313,27.959233,2.30E-05,2.10E-05,2023.677,13.775,2.932,289.196,28.608,26.246,0.917417,t,1342187067,813.6,TRUE,TRUE
3106,1.110849,-50.374075,162.82,27.85,VFID3105,UGC05958,HPESL160A_J105115.7+275056,red,162.815788,27.848945,0.000183,0.000162,509.051,12.828,4.19,67.587,31.167,11.349,0.364124,f,1342255924,1184,FALSE,TRUE
3157,7.518584,-123.152667,163.59,27.24,VFID3156,UGC06023,HPESL100A_J105420.4+271420,green,163.585228,27.238763,8.40E-05,7.50E-05,1859.144,18.538,null,232.855,22.713,null,0,f,1342255688,1333.3,FALSE,TRUE
3175,10.083416,-149.237749,170.13,26.96,VFID3174,NGC3629,HPESL160A_J112031.4+265739,red,170.130926,26.960943,0.000524,0.000467,769.071,10.418,4.13,106.617,32.442,null,0,f,1342255509,1508.8,FALSE,TRUE
3222,3.068424,34.177277,158.93,26.13,VFID3221,PGC031387,HPESL100A_J103542.1+260736,green,158.925755,26.12659,6.40E-05,5.80E-05,508.083,23.326,16.561,74.899,14.873,9.258,0.62247,f,1342255934,1396.4,FALSE,TRUE
3235,1.844391,134.423705,189.09,25.99,VFID3234,NGC4565,HPESL160A_J123620.8+255914,red,189.087005,25.987163,3.80E-05,3.40E-05,7231.154,22.891,3.904,663.922,29.682,null,0,f,1342257997,1226.2,FALSE,TRUE
3254,12.048288,29.930589,192.94,25.78,VFID3253,NGC4747,HPESL160A_J125146.2+254645,red,192.942585,25.779103,7.50E-05,6.80E-05,1469.195,8.213,7.917,383.629,33.693,13.305,0.394887,f,1342258030,1186.9,FALSE,TRUE
3287,7.907191,-141.09275,192.61,25.5,VFID3286,NGC4725,HPESL160A_J125026.2+252957,red,192.609347,25.499041,3.70E-05,3.40E-05,1058.141,13.798,9.571,114.225,55.844,20.07,0.359399,t,1342198481,1207.5,TRUE,TRUE
3301,1.731971,-109.303097,155.24,25.36,VFID3300,UGC05588,HPESL100A_J102057.0+252153,green,155.237571,25.364762,3.50E-05,3.20E-05,2111.093,84.969,null,78.388,16.535,13.64,0.824946,f,1342255471,1297.4,TRUE,FALSE
3460,0.747037,178.041882,163.15,22.93,VFID3459,NGC3437,HPESL160A_J105235.7+225602,red,163.14891,22.933936,2.30E-05,2.10E-05,11590.091,30.98,24.356,1010.39,24.658,13.196,0.535173,f,1342255300,1261.8,FALSE,TRUE
3503,5.162765,-94.953774,184.39,22.54,VFID3502,UGC07321,HPESL100A_J121733.6+223224,green,184.39026,22.540138,9.10E-05,8.40E-05,322.207,9.845,7.095,83.475,22.417,7.365,0.328539,f,1342246146,410.6000061,FALSE,TRUE
3547,2.054539,-105.296618,154.45,21.87,VFID3546,NGC3187,HPESL100A_J101747.7+215223,green,154.448759,21.873178,7.50E-05,7.00E-05,933.267,11.505,null,185.372,21.746,null,0,f,1342207146,1583.2,TRUE,TRUE
3552,9.383678,-94.663209,154.53,21.83,VFID3551,NGC3190,HPESL160A_J101805.5+214957,red,154.523252,21.83247,1.00E-05,9.00E-06,6500.987,29.078,15.803,584.439,24.466,11.378,0.465058,t,1342207145,1317.1,TRUE,TRUE
3565,6.677332,-158.797574,158.7,21.65,VFID3564,NGC3287,HPESL100A_J103447.1+213848,green,158.696353,21.646542,8.20E-05,7.60E-05,1807.478,12.781,null,316.023,16.947,null,0,f,1342255942,1286,FALSE,TRUE
3655,13.707368,61.025742,172.31,20.58,VFID3654,IC0700,HPESL160A_J112916.1+203506,red,172.317278,20.585038,0.000353,0.000331,255.39,8.012,6.87,52.103,25.695,15.319,0.596175,f,1342255523,1408.6,TRUE,FALSE
3758,3.238935,-44.691483,189.03,19.32,VFID3757,NGC4561,HPESL100A_J123607.9+191924,green,189.033252,19.32331,0.000153,0.000144,802.525,15.716,null,99.804,19.268,null,0,f,1342258036,1399.7,FALSE,TRUE
3823,17.093637,27.07536,187.11,18.42,VFID3822,IC3391,HPESL100A_J122827.8+182509,green,187.116085,18.419305,8.40E-05,8.00E-05,415.428,9.099,4.071,119.186,13.939,6.081,0.43625,f,1342258038,1707.6,FALSE,TRUE
3885,31.294534,-160.982001,236.75,17.88,VFID3884,NGC5996,HPESL100A_J154658.1+175234,green,236.742369,17.876006,3.80E-05,3.60E-05,801.111,1.48,3.26,1403.803,19.996,9.101,0.455152,f,1342224359,3290.7,TRUE,TRUE
3892,2.315497,91.798589,170.94,17.82,VFID3891,NGC3659,HPESL160A_J112345.7+174907,red,170.940405,17.818642,9.00E-05,8.60E-05,2763.917,25.616,14.194,214.356,28.229,null,0,f,1342255535,1288,FALSE,TRUE
3951,7.373756,-75.105045,163.62,17.34,VFID3950,NGC3454,HPESL160A_J105429.0+172040,red,163.620946,17.34451,0.000123,0.000117,1481.813,16.732,12.518,163.526,54.34,10.961,0.201719,f,1342255304,1103.5,FALSE,TRUE
3958,0.953743,-94.42052,163.63,17.28,VFID3957,NGC3455,HPESL100A_J105431.0+171705,green,163.629227,17.28471,0.000239,0.000228,1348.35,22.187,null,125.251,25.184,null,0,f,1342255304,1104.4,FALSE,TRUE
3959,1.061355,51.766325,161.77,17.27,VFID3958,NGC3370,HPESL100A_J104704.1+171626,green,161.767069,17.27384,2.40E-05,2.30E-05,4327.383,31.513,null,318.93,19.163,9.755,0.509052,f,1342255306,1280.7,FALSE,TRUE
3962,1.390009,-143.87536,168.61,17.26,VFID3961,NGC3592,HPESL100A_J111427.2+171535,green,168.613649,17.259757,7.90E-05,7.50E-05,483.036,14.202,7.799,96.708,21.714,7.6,0.349982,f,1342255543,1299.5,FALSE,TRUE
3967,29.125751,-64.020757,171.93,17.22,VFID3966,NGC3686,HPESL100A_J112742.1+171340,green,171.925526,17.22766,5.60E-05,5.30E-05,1086.438,7.071,3.336,383.528,16.802,7.678,0.456958,f,1342255529,1156.4,FALSE,TRUE
3980,1.468735,74.277223,187.12,17.08,VFID3979,NGC4450,HPESL160A_J122829.6+170506,red,187.123393,17.085009,9.00E-05,8.60E-05,1496.267,15.658,5.446,196.88,24.202,15.494,0.640169,f,1342258040,1954.2,FALSE,TRUE
3981,0.704576,-63.986141,171.8,17.03,VFID3980,NGC3684,HPESL160A_J112711.1+170149,red,171.796418,17.030296,0.000124,0.000118,2600.002,18.105,7.271,273.344,31.64,19.721,0.6233,f,1342255527,1159.1,FALSE,TRUE
3986,12.213758,43.891704,172.04,16.92,VFID3985,NGC3691,HPESL160A_J112810.0+165522,red,172.041668,16.922889,0.000143,0.000137,1138.576,12.451,9.215,150.462,37.294,null,0,f,1342255525,1064.7,FALSE,TRUE
3994,17.82035,23.044671,171.62,16.86,VFID3993,NGC3681,HPESL100A_J112630.2+165204,green,171.626221,16.867847,0.000165,0.000158,469.842,6.738,null,152.092,16.635,9.217,0.554056,f,1342255531,1233,FALSE,TRUE
3995,6.685594,-54.479959,187.91,16.85,VFID3994,NGC4498,HPESL160A_J123139.1+165114,red,187.913181,16.853872,0.000118,0.000113,1290.785,13.175,5.599,169.872,49.598,14.412,0.290571,f,1342258042,1506,FALSE,TRUE
4017,5.260352,-111.889623,188.01,16.69,VFID4016,NGC4502,HPESL160A_J123202.9+164114,red,188.012212,16.687153,0.000263,0.000252,401.768,9.09,3.134,72.486,27.46,null,0,f,1342258044,1627,FALSE,TRUE
4030,1.203167,-154.394307,170.73,16.59,VFID4029,NGC3655,HPESL160A_J112254.5+163524,red,170.727407,16.589896,2.70E-05,2.60E-05,12703.01,45.302,21.54,727.492,25.904,18.463,0.712769,f,1342255533,1500.7,FALSE,TRUE
4047,1.4219,117.858303,186.36,16.47,VFID4046,NGC4383,HPESL100A_J122525.5+162811,green,186.356553,16.46979,7.00E-06,7.00E-06,9229.351,217.413,20.845,142.886,16.013,7.834,0.489236,f,1342257723,1707.8,TRUE,FALSE
4058,15.765414,61.996185,190.93,16.39,VFID4057,NGC4651,HPESL160A_J124343.6+162344,red,190.931781,16.395563,7.20E-05,6.90E-05,4944.25,17.527,6.837,585.707,42.732,null,0,f,1342258508,799.8,FALSE,TRUE
4093,2.464731,-118.774071,180.9,16.06,VFID4092,PGC038113,HPESL100A_J120335.8+160319,green,180.899283,16.055171,3.30E-05,3.20E-05,1493.708,68.523,null,70.387,16.439,12.49,0.759759,f,1342257469,909.4,FALSE,TRUE
4116,4.285953,-34.439793,193.18,15.85,VFID4115,NGC4758,HPESL160A_J125244.0+155055,red,193.183633,15.848747,6.20E-05,5.90E-05,1621.88,17.081,11.457,177.845,36.208,12.806,0.353688,f,1342258442,1241.5,FALSE,TRUE
4120,1.95735,78.964302,185.73,15.82,VFID4119,NGC4321,HPESL100A_J122255.0+154920,green,185.729221,15.822353,1.20E-05,1.20E-05,18311.668,202.619,null,282.187,27.418,null,0,f,1342212439,1574,TRUE,TRUE
4136,4.462978,-48.176972,186.5,15.67,VFID4135,NGC4396,HPESL100A_J122558.8+154018,green,186.495278,15.671649,4.80E-05,4.60E-05,1639.365,26.025,null,146.083,14.333,9.183,0.64066,f,1342258064,-115.0999985,FALSE,TRUE
4144,10.917679,51.264979,188.71,15.55,VFID4143,NGC4540,HPESL100A_J123451.4+153312,green,188.714231,15.553225,4.90E-05,4.80E-05,2061.469,13.433,null,331.498,19.669,8.182,0.415997,f,1342258046,1284.7,FALSE,TRUE
4165,6.034971,150.121417,188.49,15.35,VFID4164,IC0800,HPESL160A_J123356.8+152112,red,188.487029,15.353271,0.000185,0.000179,1134.272,20.449,8.181,92.921,31.731,18.711,0.589661,f,1342258048,2333.9,FALSE,TRUE
4166,2.09065,-126.289294,175.06,15.34,VFID4165,NGC3800,HPESL070A_J114013.3+152031,blue,175.05578,15.341987,7.00E-06,7.00E-06,5237.513,97.826,19.178,183.462,16.993,7.861,0.462614,f,1342221865,3299.2,TRUE,TRUE
4169,0.385158,62.417403,184.3,15.32,VFID4168,NGC4237,HPESL100A_J121711.4+151926,green,184.297696,15.323953,4.00E-05,3.80E-05,3832.535,35.941,15.462,345.385,30.009,20.122,0.670528,f,1342198147,863.8,TRUE,FALSE
4171,2.269693,14.157586,189.97,15.3,VFID4170,NGC4595,HPESL160A_J123951.9+151754,red,189.966322,15.298342,0.000266,0.000257,1682.077,19.028,8.401,153.297,33.675,null,0,f,1342258506,630.6,FALSE,TRUE
,,,233.6464,15.19922,VFID4177,NGC5954,,,,,,,,,,,,,,,,,TRUE,TRUE
4180,1.40561,-118.279337,233.63,15.19,VFID4179,NGC5953,HPESL100A_J153432.3+151137,green,233.634619,15.193608,4.00E-06,4.00E-06,12540.216,200.392,26.624,258.618,13.875,11.963,0.862185,f,1342202566,1969.8,TRUE,TRUE
4184,4.630908,25.703079,192.41,15.16,VFID4183,NGC4710,HPESL100A_J124938.9+150958,green,192.41212,15.16613,5.00E-06,5.00E-06,11012.714,179.04,34.84,248.853,13.816,6.977,0.505012,f,1342258444,1103.7,FALSE,TRUE
4189,7.541844,-30.093994,187.98,15.12,VFID4188,IC0797,HPESL160A_J123154.5+150733,red,187.977148,15.125734,8.90E-05,8.60E-05,1483.084,23.627,8.638,106.567,25.172,null,0,f,1342258054,2096.4,FALSE,TRUE
4195,0.313391,-86.934829,186.74,15.05,VFID4194,NGC4419,HPESL160A_J122656.4+150251,red,186.735117,15.047379,2.20E-05,2.10E-05,11266.571,50.02,32.139,604.803,24.578,11.297,0.459646,f,1342258062,-227.8000031,FALSE,TRUE
4204,0.569565,-40.589903,187.18,15,VFID4203,IC3392,HPESL160A_J122843.2+145958,red,187.180156,14.999557,6.30E-05,6.10E-05,3376.195,43.891,27.189,153.325,34.02,16.955,0.498384,f,1342258060,1668.4,FALSE,TRUE
4213,1.995724,-5.23211,183.45,14.9,VFID4212,NGC4192,HPESL070A_J121348.3+145402,blue,183.451376,14.900523,9.00E-06,8.00E-06,4835.848,187.23,61.638,138.77,11.959,6.107,0.510645,f,1342233016,-118.1999969,TRUE,FALSE
4221,30.140406,74.205826,165.01,14.84,VFID4220,NGC3485,HPESL160A_J110004.3+145038,red,165.018293,14.843806,0.000132,0.000128,1266.87,11.522,5.471,186.821,28.839,null,0,f,1342255547,1433.3,FALSE,TRUE
4227,0.695629,-172.438033,168.78,14.79,VFID4226,NGC3596,HPESL160A_J111506.2+144713,red,168.775862,14.78687,6.40E-05,6.20E-05,1730.974,17.024,3.949,210.384,25.954,15.931,0.613806,f,1342255549,1192.5,FALSE,TRUE
4283,18.466927,65.282958,188,14.42,VFID4282,NGC4501,HPESL100A_J123200.4+142520,green,188.001875,14.42218,3.10E-05,3.00E-05,2762.612,6.356,null,1023.232,24.413,9.93,0.406739,f,1342258056,2281.5,FALSE,TRUE
4284,0.470226,140.392545,184.71,14.42,VFID4283,NGC4254,HPESL160A_J121849.6+142500,red,184.706817,14.416691,2.90E-05,2.80E-05,8851.701,5.19,4.404,1051.305,27.808,15.834,0.569414,f,1342198147,2407.4,TRUE,TRUE
4292,0.605619,17.292433,190.66,14.36,VFID4291,NGC4633,HPESL100A_J124237.3+142127,green,190.655656,14.357397,0.000146,0.000141,524.126,13.102,null,92.493,19.697,null,0,f,1342258504,295.6000061,FALSE,TRUE
4312,2.827075,31.835056,194.86,14.17,VFID4311,NGC4866,HPESL100A_J125927.1+141018,green,194.863138,14.171662,0.000141,0.000137,363.196,12.023,8.31,76.946,16.631,7.67,0.461168,f,1342258591,1984.6,FALSE,TRUE
4322,1.012246,150.550714,180.29,14.1,VFID4321,IC0755,HPESL160A_J120110.5+140614,red,180.293775,14.103787,0.000111,0.000108,1011.844,20.811,22.767,87.508,29.911,12.034,0.402315,f,1342257467,1531.3,FALSE,TRUE
4335,0.978589,83.98377,183.77,14.03,VFID4334,IC3061,HPESL070A_J121504.5+140144,blue,183.768895,14.028915,8.80E-05,8.60E-05,351.062,15,null,86.22,26.529,7.453,0.280933,f,1342233018,2317,TRUE,FALSE
4354,23.260479,58.332719,183.91,13.9,VFID4353,NGC4212,HPESL070A_J121540.6+135418,blue,183.919542,13.904967,7.00E-05,6.80E-05,1192.146,3.034,null,491.965,12.737,8.11,0.636738,f,1342233020,-86.5,TRUE,FALSE
4383,0.867225,2.776233,191.94,13.76,VFID4382,NGC4689,HPESL160A_J124745.5+134546,red,191.939933,13.762874,0.000152,0.000148,2460.053,20.871,5.38,212.437,29.963,null,0,f,1342258446,1609,FALSE,TRUE
4388,0.547936,99.454633,160.53,13.75,VFID4387,NGC3338,HPESL160A_J104207.5+134449,red,160.531572,13.746964,0.000176,0.000171,1737.243,14.753,3.075,188.77,30.095,24.516,0.814627,f,1342255310,1297,FALSE,TRUE
4415,37.663692,108.883991,170.07,13.59,VFID4414,NGC3628,HPESL100A_J112019.4+133510,green,170.080938,13.586241,6.00E-06,6.00E-06,22082.434,4.897,null,9670.498,25.328,16.793,0.66302,f,1342256147,845.1,TRUE,TRUE
4446,27.843594,163.710207,183.45,13.42,VFID4445,NGC4189,HPESL100A_J121347.8+132503,green,183.449295,13.41754,9.10E-05,8.90E-05,1338.03,11.531,4.44,368.489,45.976,null,0,f,1342198147,2108.2,TRUE,FALSE
4451,33.091387,9.208275,180.35,13.4,VFID4450,NGC4037,HPESL160A_J120124.0+132436,red,180.350175,13.410093,0.000458,0.000446,299.006,3.562,2.868,132.906,25.075,10.623,0.423672,f,1342257465,928.9,FALSE,TRUE
4454,0.491504,-174.327431,189.77,13.36,VFID4453,IC3611,HPESL100A_J123904.1+132148,green,189.767185,13.363258,0.000271,0.000263,137.651,6.978,10,74.021,14.657,null,0,f,1342258502,2737.6,TRUE,FALSE
4465,16.485464,-124.425592,184.09,13.31,VFID4464,NGC4222,HPESL100A_J121621.7+131817,green,184.090577,13.304694,4.90E-05,4.80E-05,1110.79,19.342,20.117,226.502,48.749,12.422,0.254821,f,1342198147,229.6999969,TRUE,FALSE
4473,10.248956,146.184952,189.18,13.26,VFID4472,IC3583,HPESL160A_J123644.0+131523,red,189.183491,13.2565,4.30E-05,4.20E-05,883.287,18.121,14.159,74.339,35.231,17.315,0.491458,t,1342212668,1120,TRUE,TRUE
4474,23.960394,168.370368,190.72,13.26,VFID4473,NGC4639,HPESL160A_J124252.7+131503,red,190.719715,13.250722,0.000222,0.000216,1260.226,10.621,4.787,193.538,33.827,null,0,f,1342258450,983,FALSE,TRUE
4480,4.236473,-19.780505,193.68,13.24,VFID4479,UGC08032,HPESL100A_J125444.0+131418,green,193.683692,13.238297,6.90E-05,6.70E-05,612.985,19.756,8.511,78.683,20.99,7.412,0.35312,f,1342258589,1118.9,FALSE,TRUE
4497,0.495715,100.594156,183.47,13.17,VFID4496,NGC4193,HPESL160A_J121353.6+131022,red,183.473449,13.172807,6.20E-05,6.10E-05,2379.812,23.369,11.69,125.507,28.03,17.524,0.625206,f,1342198147,2466.7,TRUE,FALSE
,,,189.2081,13.16339,VFID4499,NGC4569,,,,,,,,,,,,,,,,,TRUE,TRUE
4505,0.820398,166.601505,183.98,13.15,VFID4504,NGC4216,HPESL160A_J121554.3+130857,red,183.976338,13.149132,0.000113,0.00011,2002.896,9.809,3.02,208.333,39.606,17.496,0.441739,f,1342198147,134.1999969,TRUE,FALSE
4508,0.797312,83.456962,190.99,13.13,VFID4507,NGC4654,HPESL160A_J124356.6+130736,red,190.98611,13.126542,3.00E-05,3.00E-05,5896.101,22.65,5.439,693.734,24.882,11.63,0.467386,f,1342258448,1043.1,FALSE,TRUE
4511,2.275296,-155.817914,186.53,13.11,VFID4510,NGC4402,HPESL160A_J122607.5+130645,red,186.531357,13.112554,1.70E-05,1.70E-05,9779.217,22.593,11.325,1134.91,34.629,13.471,0.38901,f,1342233036,233.6999969,TRUE,FALSE
4539,0.522171,23.147688,183.82,13.02,VFID4538,NGC4206,HPESL160A_J121516.8+130127,red,183.820166,13.024048,0.000143,0.000139,1357.091,17.708,7.196,98.426,27.528,null,0,f,1342198147,702.1,TRUE,FALSE
4642,0.548064,-159.755766,186.44,12.66,VFID4641,NGC4388,HPESL160A_J122546.7+123943,red,186.44477,12.661957,3.10E-05,3.00E-05,8460.215,5.698,14.004,967.52,30.014,13.775,0.45896,f,1342199776,2514.7,TRUE,FALSE
4724,16.927636,-62.201477,187.71,12.39,VFID4723,NGC4486,HPESL070A_J123048.5+122334,blue,187.702105,12.392712,6.70E-05,6.60E-05,259.902,23.93,9.479,27.97,19.651,5.831,0.29671,f,1342224344,1283.1,TRUE,TRUE
4732,5.27133,115.843027,191.19,12.35,VFID4731,IC3718,HPESL160A_J124445.7+122104,red,191.190665,12.351056,0.000396,0.000386,197.51,4.799,2.032,59.448,30.885,16.58,0.536837,f,1342258452,848.9,FALSE,TRUE
4779,0.949634,25.922114,186.01,12.2,VFID4778,NGC4351,HPESL160A_J122401.4+121218,red,186.006202,12.204882,0.00019,0.000186,1123.247,12.78,9.899,125.157,28.475,17.291,0.607256,f,1342187265,2305.5,TRUE,FALSE
4811,2.369139,112.207518,192.98,12.08,VFID4810,NGC4746,HPESL100A_J125155.3+120458,green,192.980732,12.082914,1.50E-05,1.40E-05,6599.059,27.076,null,690.199,29.257,8.897,0.304082,f,1342258587,1779.8,FALSE,TRUE
4817,1.575171,19.776807,166.76,12.06,VFID4816,UGC06169,HPESL160A_J110703.4+120338,red,166.764171,12.060519,0.000109,0.000107,873.07,19.311,8.739,77.172,30.485,14.157,0.464398,f,1342255559,1550,FALSE,TRUE
,,,190.2397,11.91169,VFID4845,NGC4606,,,,,,,,,,,,,,,,,FALSE,TRUE
4854,6.859518,21.082077,190.3,11.89,VFID4853,NGC4607,HPESL100A_J124112.4+115318,green,190.301914,11.888247,8.00E-06,8.00E-06,4982.667,45.06,15.091,364.483,14.217,6.986,0.491416,f,1342258460,2256.5,FALSE,TRUE
4862,1.04547,-0.0636,189.43,11.82,VFID4861,NGC4579,HPESL160A_J123743.5+114906,red,189.431379,11.818425,1.30E-05,1.30E-05,2611.083,40.48,11.018,148.399,24.298,13.734,0.565224,t,1342212664,1516.9,TRUE,TRUE
4866,0.94955,147.59382,185.66,11.8,VFID4865,NGC4313,HPESL100A_J122238.5+114803,green,185.660643,11.800759,0.000214,0.00021,2681.976,44.485,28.707,229.697,32.297,12.275,0.380056,f,1342187265,1434,TRUE,FALSE
4887,2.766913,-179.190026,160.99,11.7,VFID4886,NGC3351,HPESL070A_J104357.7+114210,blue,160.990406,11.702916,1.00E-05,1.00E-05,16945.344,370.804,31.501,172.985,13.023,null,0,f,1342210456,777.9,TRUE,TRUE
4950,0.768918,6.039693,171.11,11.34,VFID4949,NGC3666,HPESL100A_J112426.0+112032,green,171.108597,11.342357,2.20E-05,2.20E-05,3718.79,25.496,null,381.884,23.446,9.334,0.398084,f,1342255551,1060.3,FALSE,TRUE
4962,0.189999,-124.478585,189.14,11.26,VFID4961,NGC4567,HPESL160A_J123632.7+111529,red,189.13639,11.257927,1.40E-05,1.30E-05,2801.007,16.722,2.335,398.603,31.032,18.219,0.587098,t,1342201174,2261.1,TRUE,TRUE
4963,28.978491,-163.468347,189.14,11.24,VFID4962,NGC4568,HPESL100A_J123633.7+111352,green,189.140505,11.231184,1.00E-05,1.00E-05,7087.805,3.745,null,4180.373,24.115,14.174,0.587785,f,1342201176,2236.2,TRUE,TRUE
5013,6.366689,48.114046,183.19,10.87,VFID5012,NGC4178,HPESL100A_J121246.6+105201,green,183.194236,10.866891,2.50E-05,2.40E-05,1633.917,16.418,5.732,215.537,19.04,7.254,0.380972,f,1342257715,374.7999878,FALSE,TRUE
5031,3.187411,-0.36249,167.48,10.72,VFID5030,NGC3547,HPESL100A_J110955.9+104318,green,167.482997,10.721723,3.30E-05,3.30E-05,2662.712,42.358,null,152.111,18.875,10.612,0.562233,f,1342255553,1581.5,FALSE,TRUE
5076,0.58772,146.624338,182.04,10.38,VFID5075,NGC4119,HPESL100A_J120809.6+102244,green,182.040109,10.378768,2.10E-05,2.10E-05,1346.629,72.758,30.522,69.769,14.292,7.345,0.513953,f,1342257579,1651.8,FALSE,TRUE
5155,0.747547,-105.414915,218.18,9.89,VFID5154,NGC5669,HPESL100A_J143243.8+095329,green,218.182568,9.891371,5.60E-05,5.60E-05,1106.161,17.086,null,158.74,14.28,6.952,0.486821,f,1342259529,1373.7,FALSE,TRUE
5177,22.943868,9.531026,193.46,9.71,VFID5176,NGC4779,HPESL100A_J125351.0+094259,green,193.46289,9.716311,0.000119,0.000118,610.942,4.976,null,242.139,18.077,11.653,0.644643,f,1342259154,2844.4,FALSE,TRUE
5195,1.166459,-51.980981,183.88,9.58,VFID5194,NGC4207,HPESL100A_J121530.4+093506,green,183.87676,9.58513,1.10E-05,1.00E-05,5072.626,71.297,16.819,213.967,19.719,7.125,0.361331,f,1342258066,607.3,FALSE,TRUE
5223,2.602665,-68.989638,186.8,9.42,VFID5222,NGC4424,HPESL160A_J122711.5+092515,red,186.798016,9.420702,1.90E-05,1.90E-05,3984.538,62.277,38.912,142.62,24.286,11.388,0.468908,f,1342225510,440.7999878,TRUE,FALSE
5224,1.01154,-9.432988,172.1,9.41,VFID5223,NGC3692,HPESL100A_J112824.0+092429,green,172.100046,9.407934,5.40E-05,5.40E-05,1525.665,14.877,null,235.959,24.677,9.482,0.384245,f,1342255683,1709.5,FALSE,TRUE
5237,22.012642,111.01052,185.68,9.33,VFID5236,NGC4316,HPESL070A_J122243.6+091949,blue,185.681741,9.330403,4.00E-05,4.00E-05,857.492,4.349,null,432.655,11.519,null,0,f,1342225506,1251.5,TRUE,FALSE
5242,33.868418,-149.468901,148.71,9.27,VFID5241,NGC3049,HPESL100A_J095448.4+091548,green,148.701864,9.2633,0.000376,0.000371,450.382,1.038,null,1053.935,16.848,null,0,f,1342210451,1484.2,TRUE,TRUE
5245,3.661868,-26.224736,187.17,9.26,VFID5244,NGC4451,HPESL100A_J122840.4+091535,green,187.168465,9.259829,7.50E-05,7.40E-05,3318.757,155.322,54.001,70.605,22.313,null,0,f,1342198186,859.5,TRUE,FALSE
5258,0.731605,-173.246955,188.42,9.17,VFID5257,NGC4522,HPESL100A_J123339.7+091029,green,188.415406,9.174661,3.20E-05,3.20E-05,2670.273,81.522,59.468,125.589,25.615,13.818,0.539431,f,1342198186,2320,TRUE,FALSE
5277,1.228874,-39.715085,185.52,9.04,VFID5276,NGC4307,HPESL160A_J122205.6+090238,red,185.52333,9.043972,4.80E-05,4.80E-05,3786.294,16.491,18.088,247.618,41.642,14.675,0.3524,f,1342198186,1058.6,TRUE,FALSE
5293,0.964517,-2.227577,204.38,8.89,VFID5292,NGC5248,HPESL100A_J133732.0+085308,green,204.383409,8.885444,9.00E-06,9.00E-06,16946.964,88.561,null,655.542,19.423,14.135,0.727728,f,1342261988,1152.1,FALSE,TRUE
5325,23.274709,73.278302,188.38,8.65,VFID5324,NGC4519,HPESL070A_J123331.7+083924,blue,188.382317,8.656575,8.90E-05,8.80E-05,522.247,5.25,null,184.439,17.277,null,0,f,1342225550,1221.9,TRUE,FALSE
5406,1.066431,15.482094,193.68,8.05,VFID5405,NGC4791,HPESL100A_J125443.9+080312,green,193.683191,8.053391,0.000124,0.000123,301.774,13.068,null,69.831,17.862,12.179,0.681814,f,1342259150,2524.3,FALSE,TRUE
5430,2.267446,70.437874,186.69,7.92,VFID5429,NGC4416,HPESL100A_J122646.8+075509,green,186.695183,7.919061,0.000126,0.000125,1223.366,67.655,20.159,58.395,21.528,19.051,0.88493,f,1342198186,1390.8,TRUE,FALSE
5433,6.566377,-68.32319,193.85,7.91,VFID5432,UGC08045,HPESL160A_J125523.0+075438,red,193.845881,7.910576,0.000577,0.000571,379.505,7.618,7.865,73.438,38.717,null,0,f,1342259148,2800.9,FALSE,TRUE
5437,8.512776,57.423417,189.59,7.89,VFID5436,UGC07802,HPESL160A_J123821.3+075334,red,189.588894,7.892772,0.000243,0.000241,396.94,8.911,8.096,65.218,31.944,11.535,0.361091,f,1342258468,1774.2,FALSE,TRUE
5475,1.774607,91.287334,188.51,7.7,VFID5474,NGC4526,HPESL070A_J123403.1+074157,blue,188.513042,7.69925,7.00E-06,7.00E-06,7843.466,433.617,56.212,108.892,13.235,5.694,0.430205,f,1342225548,577.1,TRUE,FALSE
5478,0.8919,36.222443,185.03,7.69,VFID5477,NGC4276,HPESL100A_J122007.5+074131,green,185.031298,7.691882,0.000353,0.00035,456.241,17.433,7.905,84.79,26.655,null,0,f,1342198186,2617.4,FALSE,TRUE
5509,4.130254,124.669794,186.23,7.44,VFID5508,NGC4370,HPESL070A_J122455.1+072639,blue,186.229799,7.444048,1.20E-05,1.20E-05,1298.556,147.887,29.61,59.589,13.019,5.384,0.413511,f,1342225520,773.2,TRUE,FALSE
5527,6.44187,-132.704758,186.8,7.26,VFID5526,UGC07557,HPESL160A_J122711.0+071542,red,186.795875,7.261786,0.000529,0.000525,99.006,4.351,2.628,27.525,53.499,26.425,0.493932,f,1342225516,932.6,TRUE,FALSE
5533,4.429437,123.960951,186.43,7.22,VFID5532,IC3322A,HPESL100A_J122542.7+071259,green,186.428266,7.216451,9.60E-05,9.60E-05,2078.387,24.824,17.48,315.277,40.316,13.074,0.324276,f,1342199758,995,TRUE,FALSE
5545,5.206142,-122.527223,166.74,7.17,VFID5544,NGC3526,HPESL160A_J110656.3+071023,red,166.734696,7.173132,0.000122,0.000121,1103.327,17.908,6.93,106.848,39.622,13.632,0.344037,f,1342255575,1417.8,FALSE,TRUE
5547,10.048743,26.083452,188.66,7.16,VFID5546,IC3521,HPESL160A_J123439.8+070946,red,188.665837,7.162664,5.30E-05,5.30E-05,1578.12,11.23,19.7,171.94,41.318,null,0,f,1342198186,594.1,TRUE,TRUE
5574,0.272508,-153.608339,183.26,7.04,VFID5573,NGC4180,HPESL070A_J121303.0+070220,blue,183.262748,7.038869,9.00E-06,9.00E-06,4806.226,107.866,23.696,170.792,13.233,6.589,0.497906,f,1342224342,2175.6,TRUE,FALSE
5583,0.547073,-162.634695,185.91,6.95,VFID5582,NGC4343,HPESL100A_J122338.6+065714,green,185.911217,6.95393,2.90E-05,2.80E-05,2780.181,80.567,48.895,144.55,24.112,11.795,0.489196,f,1342198186,997.4,TRUE,FALSE
5626,1.703716,-169.236853,185.72,6.68,VFID5625,IC3229,HPESL100A_J122252.7+064046,green,185.719884,6.679493,0.000489,0.000485,114.23,11.824,5.419,37.368,40.468,15.811,0.390705,f,1342199758,1543,TRUE,FALSE
5628,1.70477,57.136295,185.66,6.68,VFID5627,IC3225,HPESL100A_J122239.1+064039,green,185.662983,6.677579,0.000191,0.00019,334.521,17.001,8.885,67.337,43.875,15.218,0.346838,f,1342198186,2373.3,TRUE,FALSE
5633,7.794071,-11.236064,184.5,6.65,VFID5632,IC3115,HPESL160A_J121759.8+063922,red,184.499392,6.656218,0.000301,0.000299,244.752,7.222,4.588,34.78,58.822,null,0,f,1342233044,733.7,TRUE,FALSE
5638,2.085399,138.698305,186.03,6.61,VFID5637,IC3268,HPESL100A_J122407.5+063627,green,186.031364,6.607587,0.000125,0.000124,1050.905,62.89,28.738,48.903,26.363,null,0,f,1342198186,727.1,TRUE,FALSE
5653,6.646816,-36.326187,188.58,6.47,VFID5652,NGC4532,HPESL160A_J123419.0+062810,red,188.579523,6.469536,4.20E-05,4.10E-05,5542.286,22.179,10.14,613.261,33.114,13.321,0.402286,f,1342258474,2013.6,FALSE,TRUE
5677,12.602605,137.223853,186.86,6.26,VFID5676,NGC4430,HPESL160A_J122726.8+061537,red,186.86206,6.260402,0.000526,0.000523,1149.529,8.756,3.68,149.774,62.887,null,0,f,1342198186,1447.8,FALSE,TRUE
5714,1.32515,6.320098,189.8,6.01,VFID5713,NGC4591,HPESL100A_J123912.4+060045,green,189.801815,6.012637,2.80E-05,2.80E-05,1228.54,45.012,14.248,78.759,14.032,8.158,0.581405,f,1342258575,2428.3,FALSE,TRUE
5744,2.209303,-144.412917,186.79,5.88,VFID5743,NGC4423,HPESL100A_J122708.9+055249,green,186.787276,5.880165,8.40E-05,8.30E-05,478.143,11.894,8.367,107.381,20.996,8.067,0.384223,f,1342258494,1121.5,TRUE,TRUE
5760,2.187629,177.281385,183.66,5.81,VFID5759,NGC4197,HPESL070A_J121438.5+054818,blue,183.6606,5.804958,2.00E-05,2.00E-05,1181.812,7.551,9.09,339.226,13.861,6.221,0.448813,f,1342233046,2079.5,TRUE,FALSE
5777,1.874673,-10.332928,186.98,5.72,VFID5776,UGC07579,HPESL160A_J122755.3+054318,red,186.98069,5.72167,0.000126,0.000126,886.617,30.095,37.79,50.866,29.811,12.978,0.435354,f,1342199758,2248.5,FALSE,TRUE
5843,2.411445,-71.243112,208.74,5.33,VFID5842,NGC5356,HPESL100A_J135458.2+052002,green,208.742892,5.333916,5.80E-05,5.80E-05,1210.593,14.63,null,202.437,21.418,9.022,0.421232,f,1342259304,1369.8,FALSE,TRUE
5847,8.36512,-148.879983,192.49,5.31,VFID5846,NGC4713,HPESL100A_J124957.5+051834,green,192.489781,5.309349,0.000172,0.000171,1563.936,11.921,null,267.475,24.456,null,0,f,1342259144,651.4,FALSE,TRUE
5853,10.558477,-138.603189,185.78,5.25,VFID5852,NGC4324,HPESL160A_J122305.7+051454,red,185.773793,5.248252,0.000264,0.000263,1235.533,14.261,12.982,146.102,42.688,null,0,f,1342225540,1663.5,TRUE,FALSE
5856,2.899197,179.538854,208.55,5.23,VFID5855,NGC5348,HPESL160A_J135411.2+051335,red,208.546925,5.226481,0.000133,0.000133,674.842,14.944,9.299,74.706,26.231,12.398,0.472634,f,1342259306,1450.3,FALSE,TRUE
5890,32.686018,30.334704,209.05,5.01,VFID5889,NGC5364,HPESL160A_J135613.0+050121,red,209.054493,5.022493,0.000101,0.000101,1624.333,15.714,4.517,183.311,29.565,14.685,0.496694,f,1342259555,1239.7,FALSE,TRUE
5906,3.520385,-46.877189,220.74,4.89,VFID5905,IC1048,HPESL160A_J144257.8+045325,red,220.740844,4.890351,2.90E-05,2.90E-05,3971.688,29.127,20.426,301.632,27.083,12.033,0.444311,f,1342261303,1584.1,FALSE,TRUE
5961,38.119494,5.54791,185.48,4.47,VFID5960,NGC4303,HPESL100A_J122155.0+042904,green,185.479441,4.484316,6.90E-05,6.90E-05,4234.596,16.147,3.796,980.645,45.307,29.704,0.655619,f,1342199758,1566.8,TRUE,FALSE
5963,0.132905,114.442723,193.31,4.46,VFID5962,NGC4765,HPESL160A_J125314.4+042748,red,193.310392,4.463314,2.00E-05,2.00E-05,2335.114,42.397,25.946,104.941,25.92,14.779,0.570159,t,1342248060,717.3,TRUE,TRUE
5965,10.014346,102.870253,218.35,4.45,VFID5964,NGC5668,HPESL160A_J143324.9+042700,red,218.354015,4.449876,0.000268,0.000267,404.131,3.946,1.258,131.107,44.25,null,0,f,1342259537,1582.9,FALSE,TRUE
5989,0.395097,133.742768,193.95,4.3,VFID5988,NGC4808,HPESL100A_J125548.9+041815,green,193.954067,4.304101,4.10E-05,4.10E-05,5890.025,15.682,null,892.948,31.813,11.725,0.368564,f,1342259146,761.1,FALSE,TRUE
5993,0.679377,-15.754854,187.61,4.25,VFID5992,NGC4480,HPESL160A_J123026.7+041448,red,187.61155,4.246674,0.000222,0.000223,1795.754,10.942,8.6,177.873,47.44,null,0,f,1342199758,2432,FALSE,TRUE
5996,0.822797,74.562756,185.07,4.2,VFID5995,UGC07387,HPESL100A_J122017.4+041207,green,185.072726,4.202023,0.000134,0.000134,463.139,29.916,20.517,62.278,32.541,12.256,0.376636,f,1342199758,1732.3,TRUE,FALSE
6019,1.825257,100.971303,215.02,3.99,VFID6018,NGC5560,HPESL160A_J142004.5+035934,red,215.018896,3.992657,4.40E-05,4.40E-05,3403.009,31.517,19.162,218.223,49.096,12.168,0.247842,f,1342259545,1730.2,FALSE,TRUE
,,,215.134,3.983,VFID6020,NGC5569,,,,,,,,,,,,,,,,1779.5,FALSE,TRUE
6024,16.946169,149.669912,186.65,3.96,VFID6023,NGC4412,HPESL070A_J122636.6+035739,blue,186.65266,3.960725,5.10E-05,5.10E-05,1878.638,10.78,null,199.998,19.179,null,0,f,1342225544,2258.7,TRUE,TRUE
6029,34.064504,96.028729,207.07,3.95,VFID6028,NGC5300,HPESL160A_J134818.3+035700,red,207.076292,3.949883,0.000258,0.000257,395.768,5.631,1.566,98.126,36.496,null,0,f,1342261986,1171.4,FALSE,TRUE
,,,215.083,3.934,VFID6033,NGC5566,,,,,,,,,,,,,,,,1529,FALSE,TRUE
6049,5.186063,-13.515227,217.51,3.77,VFID6048,IC1022,HPESL100A_J143001.7+034627,green,217.507343,3.774299,0.000244,0.000244,247.621,10.886,null,73.8,23.765,null,0,f,1342259166,1719.4,FALSE,TRUE
6057,4.275767,123.838832,185.26,3.72,VFID6056,NGC4289,HPESL070A_J122102.5+034317,blue,185.26046,3.721416,2.10E-05,2.10E-05,942.344,35.858,21.593,120.247,16.155,5.468,0.33851,f,1342225534,2609.7,TRUE,FALSE
6061,2.345462,103.846488,184.29,3.68,VFID6060,NGC4234,HPESL070A_J121709.2+034058,blue,184.288606,3.682747,6.30E-05,6.30E-05,1341.478,19.859,null,129.086,11.584,null,0,f,1342225530,2017,TRUE,FALSE
6092,1.494252,-41.797027,215.3,3.44,VFID6091,NGC5577,HPESL160A_J142113.0+032610,red,215.304294,3.436153,0.000168,0.000168,1200.614,15.072,8.754,128.811,45.033,19.237,0.427189,f,1342259543,1489.1,FALSE,TRUE
6094,1.808842,-77.787623,186.49,3.43,VFID6093,UGC07522,HPESL100A_J122558.3+032547,green,186.493118,3.429774,5.40E-05,5.40E-05,725.892,11.197,6.95,175.669,27.583,6.979,0.253003,f,1342258488,1421.7,FALSE,TRUE
6099,3.190207,26.265956,219.58,3.41,VFID6098,NGC5692,HPESL100A_J143818.2+032440,green,219.575871,3.411103,2.60E-05,2.60E-05,2486.491,101.138,null,74.455,14.89,null,0,f,1342259535,1600.7,FALSE,TRUE
6180,1.483162,23.870112,193.81,2.9,VFID6179,NGC4799,HPESL160A_J125515.5+025349,red,193.814888,2.896994,4.60E-05,4.60E-05,2987.675,64.489,24.563,95.967,28.523,11.833,0.414872,f,1342259318,2782.7,FALSE,TRUE
6183,37.268641,-74.003158,182.05,2.88,VFID6182,NGC4123,HPESL100A_J120808.7+025252,green,182.036372,2.881155,8.70E-05,8.70E-05,665.195,1.866,null,910.052,21.818,null,0,f,1342258070,1327.1,FALSE,TRUE
6186,5.22277,-6.863213,192.46,2.85,VFID6185,UGC07982,HPESL100A_J124950.2+025112,green,192.45915,2.853302,0.000121,0.000121,461.85,11.714,null,101.404,15.385,null,0,f,1342259138,1156.4,FALSE,TRUE
6205,5.223281,135.776954,181.9,2.69,VFID6204,NGC4116,HPESL160A_J120737.1+024128,red,181.904639,2.691003,0.000124,0.000124,1014.564,12.817,4.492,143.509,49.861,11.994,0.240554,f,1342258072,1309.2,FALSE,TRUE
6248,1.025368,63.27491,186.74,2.49,VFID6247,NGC4409,HPESL160A_J122658.5+022940,red,186.743949,2.494527,8.20E-05,8.20E-05,3625.71,17.994,9.548,398.729,52.147,20.379,0.390792,f,1342258482,1647.5,FALSE,TRUE
6307,11.530922,-154.25455,201.58,2.1,VFID6306,NGC5147,HPESL100A_J132619.4+020552,green,201.581181,2.097668,0.000105,0.000105,1013.789,8.265,null,295.002,18.978,null,0,f,1342261455,1089.6,FALSE,TRUE
6381,2.786456,100.234684,215.86,1.73,VFID6380,UGC09215,HPESL100A_J142327.3+014334,green,215.86385,1.726125,2.70E-05,2.70E-05,1111.313,32.434,16.754,118.994,14.041,7.982,0.568487,f,1342259164,1396.2,FALSE,TRUE
6457,4.079263,144.868504,192.66,1.46,VFID6456,UGC07991,HPESL100A_J125039.1+012748,green,192.663072,1.463445,0.000146,0.000146,232.297,8.496,6.488,79.029,20.254,8.329,0.411218,f,1342259132,1269.6,FALSE,TRUE
6481,16.285539,136.767304,193.34,1.27,VFID6480,NGC4771,HPESL100A_J125321.9+011557,green,193.341543,1.26582,8.70E-05,8.70E-05,1025.238,10.307,null,241.564,13.907,null,0,f,1342259130,1129.3,FALSE,TRUE
6620,4.662872,30.124224,188.19,0.11,VFID6619,NGC4437,HPESL160A_J123245.6+000656,red,188.190133,0.115651,2.00E-05,2.00E-05,4739.185,25.582,6.78,387.639,34.362,17.649,0.513605,f,1342258820,1127.4,FALSE,TRUE
6644,1.348455,38.216769,195.24,-0.03,VFID6643,NGC4904,HPESL160A_J130058.7-000138,red,195.244574,-0.027279,4.30E-05,4.30E-05,2709.735,26.762,10.287,216.085,27.032,12.622,0.466942,f,1342259310,1187.3,FALSE,TRUE
6646,15.643938,137.958881,166.45,-0.03,VFID6645,NGC3521,HPESL100A_J110549.4-000217,green,166.456032,-0.037987,3.80E-05,3.80E-05,2267.968,3.929,null,1504.454,21.137,null,0,f,1342210461,801.6,TRUE,TRUE
6674,15.928723,85.420375,220.05,-0.29,VFID6673,NGC5713,HPESL070A_J144012.5-001719,blue,220.052363,-0.288651,2.60E-05,2.60E-05,8769.938,3.053,null,1701.552,17.22,null,0,f,1342213810,1948.5,TRUE,TRUE
6701,1.062456,80.178136,191.29,-0.46,VFID6700,NGC4666,HPESL100A_J124508.7-002743,green,191.286268,-0.461828,9.00E-06,9.00E-06,32690.87,19.333,null,3911.463,23.092,9.984,0.432368,f,1342259128,1518.1,FALSE,TRUE
6709,10.383177,-101.100913,189.83,-0.53,VFID6708,NGC4592,HPESL100A_J123918.0-003157,green,189.825218,-0.532447,0.000126,0.000126,1115.346,11.92,null,202.118,14.683,null,0,f,1342258567,1067.1,FALSE,TRUE
6711,11.975624,170.847226,191.38,-0.54,VFID6710,NGC4668,HPESL100A_J124532.1-003220,green,191.383732,-0.53879,0.000205,0.000205,601.498,10.931,null,112.918,20.893,null,0,f,1342259126,1622.8,FALSE,TRUE
6760,0.743623,-11.67991,180.1,-1.1,VFID6759,NGC4030,HPESL160A_J120023.6-010600,red,180.098315,-1.09987,2.80E-05,2.80E-05,18498.327,32.912,11.213,1348.129,28.601,22.028,0.770177,f,1342258076,1461.8,FALSE,TRUE
6762,22.403494,123.986524,208.23,-1.11,VFID6761,NGC5334,HPESL160A_J135255.7-010705,red,208.232068,-1.118096,0.000617,0.000617,270.105,5.91,1.574,77.873,40.506,null,0,f,1342259296,1378.8,FALSE,TRUE
6769,1.527232,65.485916,193.09,-1.2,VFID6768,NGC4753,HPESL100A_J125222.0-011158,green,193.091972,-1.199403,9.00E-06,9.00E-06,5899.165,93.189,15.666,211.394,16.996,7.023,0.413203,f,1342259124,1242.8,FALSE,TRUE